,dt,LandAverageTemperature
0,1752-10-01,7.838999999999999
1,1752-11-01,7.335
2,1752-12-01,5.086
3,1753-01-01,2.039
4,1753-02-01,0.7149999999999999
5,1753-03-01,5.424
6,1753-04-01,8.272
7,1753-05-01,12.186
8,1753-06-01,14.585
9,1753-07-01,15.092
10,1753-08-01,14.148
11,1753-09-01,13.322
12,1753-10-01,8.962
13,1753-11-01,5.353
14,1753-12-01,0.5589999999999997
15,1754-01-01,1.574
16,1754-02-01,-1.2489999999999997
17,1754-03-01,3.677
18,1754-04-01,11.61
19,1754-05-01,11.936
20,1754-06-01,14.388
21,1754-07-01,14.681
22,1754-08-01,13.556
23,1754-09-01,11.129
24,1754-10-01,9.582
25,1754-11-01,6.1610000000000005
26,1754-12-01,4.587
27,1755-01-01,1.067
28,1755-02-01,-0.1080000000000001
29,1755-03-01,3.607
30,1755-04-01,9.263
31,1755-05-01,12.880999999999998
32,1755-06-01,15.38
33,1755-07-01,14.397
34,1755-08-01,13.515
35,1755-09-01,11.773
36,1755-10-01,9.97
37,1755-11-01,5.957999999999999
38,1755-12-01,2.564
39,1756-01-01,3.887
40,1756-02-01,5.666
41,1756-03-01,4.192
42,1756-04-01,10.042
43,1756-05-01,14.163999999999998
44,1756-06-01,14.547
45,1756-07-01,13.906
46,1756-08-01,13.437
47,1756-09-01,12.652
48,1756-10-01,7.3119999999999985
49,1756-11-01,4.225
50,1756-12-01,2.165
51,1757-01-01,-0.2760000000000002
52,1757-02-01,3.704
53,1757-03-01,4.529
54,1757-04-01,8.245999999999999
55,1757-05-01,13.039
56,1757-06-01,17.115
57,1757-07-01,17.61
58,1757-08-01,17.91
59,1757-09-01,14.852
60,1757-10-01,6.481999999999998
61,1757-11-01,4.032
62,1757-12-01,1.0210000000000004
63,1758-01-01,-1.5029999999999997
64,1758-02-01,0.8059999999999999
65,1758-03-01,3.765
66,1758-04-01,7.209999999999999
67,1758-05-01,9.715
68,1758-06-01,13.139
69,1758-07-01,13.847
70,1758-08-01,11.818
71,1758-09-01,10.028
72,1758-10-01,1.8939999999999992
73,1758-11-01,6.955
74,1758-12-01,3.249
75,1759-01-01,5.013999999999999
76,1759-02-01,4.082
77,1759-03-01,4.52
78,1759-04-01,5.983
79,1759-05-01,10.189
80,1759-06-01,13.512
81,1759-07-01,12.526
82,1759-08-01,14.587
83,1759-09-01,12.626
84,1759-10-01,8.267000000000001
85,1759-11-01,4.268000000000002
86,1759-12-01,0.2469999999999999
87,1760-01-01,-0.8109999999999999
88,1760-02-01,2.436
89,1760-03-01,1.864
90,1760-04-01,7.435999999999999
91,1760-05-01,10.661
92,1760-06-01,11.945
93,1760-07-01,12.887
94,1760-08-01,13.917
95,1760-09-01,11.197
96,1760-10-01,6.7010000000000005
97,1760-11-01,5.436
98,1760-12-01,2.553
99,1761-01-01,0.6000000000000001
100,1761-02-01,2.735
101,1761-03-01,5.976
102,1761-04-01,7.321000000000001
103,1761-05-01,13.451
104,1761-06-01,16.820999999999998
105,1761-07-01,19.021
106,1761-08-01,15.331
107,1761-09-01,12.534999999999998
108,1761-10-01,7.2269999999999985
109,1761-11-01,5.089
110,1761-12-01,-0.8370000000000002
111,1762-01-01,6.8660000000000005
112,1762-02-01,4.801
113,1762-03-01,3.5280000000000005
114,1762-04-01,9.019
115,1762-05-01,10.880999999999998
116,1762-06-01,13.499
117,1762-07-01,14.72
118,1762-08-01,13.992
119,1762-09-01,10.326
120,1762-10-01,6.156000000000001
121,1762-11-01,6.367000000000001
122,1762-12-01,3.123
123,1763-01-01,1.3690000000000002
124,1763-02-01,0.7709999999999999
125,1763-03-01,1.5760000000000003
126,1763-04-01,7.870999999999999
127,1763-05-01,10.701
128,1763-06-01,12.271
129,1763-07-01,16.391
130,1763-08-01,14.126
131,1763-09-01,11.378
132,1763-10-01,5.535
133,1763-11-01,4.588
134,1763-12-01,3.384
135,1764-01-01,1.741
136,1764-02-01,6.162000000000001
137,1764-03-01,5.521
138,1764-04-01,7.879999999999999
139,1764-05-01,11.175
140,1764-06-01,11.723
141,1764-07-01,12.507
142,1764-08-01,12.282
143,1764-09-01,10.696
144,1764-10-01,10.011
145,1764-11-01,5.791
146,1764-12-01,5.315
147,1765-01-01,3.78
148,1765-02-01,3.832
149,1765-03-01,6.859
150,1765-04-01,9.013
151,1765-05-01,10.734000000000002
152,1765-06-01,10.832999999999998
153,1765-07-01,13.953
154,1765-08-01,13.12
155,1765-09-01,10.993
156,1765-10-01,7.904
157,1765-11-01,5.603
158,1765-12-01,2.399
159,1766-01-01,-0.7930000000000001
160,1766-02-01,4.896
161,1766-03-01,6.062
162,1766-04-01,8.007
163,1766-05-01,11.228
164,1766-06-01,13.653
165,1766-07-01,13.555
166,1766-08-01,13.758
167,1766-09-01,12.25
168,1766-10-01,8.465
169,1766-11-01,7.4540000000000015
170,1766-12-01,2.333
171,1767-01-01,-0.6430000000000002
172,1767-02-01,3.932
173,1767-03-01,7.022
174,1767-04-01,6.278
175,1767-05-01,10.193
176,1767-06-01,14.112
177,1767-07-01,13.361
178,1767-08-01,14.597
179,1767-09-01,11.675
180,1767-10-01,9.027
181,1767-11-01,7.915
182,1767-12-01,1.189
183,1768-01-01,-2.08
184,1768-02-01,0.5060000000000002
185,1768-03-01,2.446
186,1768-04-01,6.92
187,1768-05-01,9.066
188,1768-06-01,12.489999999999998
189,1768-07-01,13.875
190,1768-08-01,12.352
191,1768-09-01,10.824000000000002
192,1768-10-01,7.728999999999999
193,1768-11-01,4.581
194,1768-12-01,2.667
195,1769-01-01,2.305
196,1769-02-01,2.164
197,1769-03-01,4.57
198,1769-04-01,8.966999999999997
199,1769-05-01,12.873
200,1769-06-01,15.142
201,1769-07-01,14.461
202,1769-08-01,13.494000000000002
203,1769-09-01,11.25
204,1769-10-01,5.296999999999999
205,1769-11-01,2.79
206,1769-12-01,-0.9780000000000002
207,1770-01-01,1.974
208,1770-02-01,4.105
209,1770-03-01,1.612
210,1770-04-01,9.788
211,1770-05-01,9.996
212,1770-06-01,11.884
213,1770-07-01,11.621
214,1770-08-01,11.413
215,1770-09-01,10.724
216,1770-10-01,8.661
217,1770-11-01,5.791
218,1770-12-01,4.734
219,1771-01-01,5.101
220,1771-02-01,-0.2739999999999999
221,1771-03-01,2.814
222,1771-04-01,5.716999999999999
223,1771-05-01,9.626
224,1771-06-01,14.104
225,1771-07-01,13.828
226,1771-08-01,14.204
227,1771-09-01,11.363
228,1771-10-01,10.317
229,1771-11-01,4.916
230,1771-12-01,2.522
231,1772-01-01,1.253
232,1772-02-01,1.4780000000000002
233,1772-03-01,3.057
234,1772-04-01,8.857999999999997
235,1772-05-01,9.531
236,1772-06-01,12.646999999999998
237,1772-07-01,14.581
238,1772-08-01,14.098
239,1772-09-01,10.303
240,1772-10-01,9.268
241,1772-11-01,7.736000000000001
242,1772-12-01,5.5120000000000005
243,1773-01-01,-0.4369999999999998
244,1773-02-01,1.4209999999999998
245,1773-03-01,4.4220000000000015
246,1773-04-01,9.415
247,1773-05-01,12.764
248,1773-06-01,12.811
249,1773-07-01,14.484000000000002
250,1773-08-01,13.624
251,1773-09-01,12.488
252,1773-10-01,9.206
253,1773-11-01,3.369
254,1773-12-01,5.090999999999998
255,1774-01-01,-0.3249999999999997
256,1774-02-01,4.914
257,1774-03-01,5.643
258,1774-04-01,10.153
259,1774-05-01,16.025
260,1774-06-01,15.371
261,1774-07-01,16.521
262,1774-08-01,14.099
263,1774-09-01,10.936
264,1774-10-01,8.59
265,1774-11-01,3.029
266,1774-12-01,0.31
267,1775-01-01,4.261
268,1775-02-01,6.4270000000000005
269,1775-03-01,7.758999999999999
270,1775-04-01,7.951999999999999
271,1775-05-01,11.399
272,1775-06-01,12.314
273,1775-07-01,14.719
274,1775-08-01,14.435
275,1775-09-01,11.095999999999998
276,1775-10-01,10.372
277,1775-11-01,8.179
278,1775-12-01,1.2839999999999998
279,1776-01-01,-0.8059999999999999
280,1776-02-01,4.825
281,1776-03-01,4.652
282,1776-04-01,7.439999999999999
283,1776-05-01,10.475
284,1776-06-01,14.564
285,1776-07-01,14.108
286,1776-08-01,14.837
287,1776-09-01,10.602
288,1776-10-01,8.059999999999999
289,1776-11-01,5.87
290,1776-12-01,5.021
291,1777-01-01,6.021000000000001
292,1777-02-01,4.9190000000000005
293,1777-03-01,5.572
294,1777-04-01,6.361999999999999
295,1777-05-01,11.389
296,1777-06-01,12.323
297,1777-07-01,12.743
298,1777-08-01,12.815
299,1777-09-01,11.379
300,1777-10-01,6.956
301,1777-11-01,5.529
302,1777-12-01,3.067
303,1778-01-01,2.521
304,1778-02-01,6.093999999999999
305,1778-03-01,4.604
306,1778-04-01,10.983999999999998
307,1778-05-01,11.286
308,1778-06-01,11.731
309,1778-07-01,15.037
310,1778-08-01,12.869000000000002
311,1778-09-01,13.377
312,1778-10-01,8.049
313,1778-11-01,3.854
314,1778-12-01,2.101
315,1779-01-01,1.4700000000000002
316,1779-02-01,5.14
317,1779-03-01,6.9670000000000005
318,1779-04-01,9.965
319,1779-05-01,14.18
320,1779-06-01,12.547
321,1779-07-01,13.659
322,1779-08-01,13.799
323,1779-09-01,12.683
324,1779-10-01,9.35
325,1779-11-01,5.7700000000000005
326,1779-12-01,2.269
327,1780-01-01,2.515
328,1780-02-01,4.08
329,1780-03-01,5.724
330,1780-04-01,13.732
331,1780-05-01,15.756999999999998
332,1780-06-01,14.747
333,1780-07-01,16.183
334,1780-08-01,12.947
335,1780-09-01,8.844
336,1780-10-01,9.376
337,1780-11-01,6.706
338,1780-12-01,2.584
339,1781-01-01,2.401
340,1781-02-01,2.267
341,1781-03-01,4.772
342,1781-04-01,6.922999999999999
343,1781-05-01,11.102
344,1781-06-01,11.678
345,1781-07-01,14.285
346,1781-08-01,14.140999999999998
347,1781-09-01,10.303999999999998
348,1781-10-01,8.546999999999999
349,1781-11-01,7.523
350,1781-12-01,3.2880000000000003
351,1782-01-01,0.3410000000000002
352,1782-02-01,0.6389999999999998
353,1782-03-01,2.565
354,1782-04-01,8.617999999999999
355,1782-05-01,10.989999999999998
356,1782-06-01,13.800999999999998
357,1782-07-01,13.925
358,1782-08-01,15.683
359,1782-09-01,12.398
360,1782-10-01,8.978
361,1782-11-01,4.956
362,1782-12-01,1.921
363,1783-01-01,-1.4310000000000005
364,1783-02-01,5.2940000000000005
365,1783-03-01,4.799
366,1783-04-01,8.574
367,1783-05-01,11.819
368,1783-06-01,14.34
369,1783-07-01,13.069
370,1783-08-01,13.970999999999998
371,1783-09-01,9.957999999999998
372,1783-10-01,7.356999999999998
373,1783-11-01,2.196
374,1783-12-01,2.224
375,1784-01-01,2.596
376,1784-02-01,0.989
377,1784-03-01,3.919
378,1784-04-01,8.142000000000001
379,1784-05-01,10.013
380,1784-06-01,12.803
381,1784-07-01,14.947
382,1784-08-01,15.861
383,1784-09-01,10.265999999999998
384,1784-10-01,6.835999999999999
385,1784-11-01,4.557
386,1784-12-01,3.415
387,1785-01-01,0.865
388,1785-02-01,1.045
389,1785-03-01,2.289
390,1785-04-01,6.379
391,1785-05-01,9.853
392,1785-06-01,13.744000000000002
393,1785-07-01,14.468
394,1785-08-01,14.466
395,1785-09-01,10.497
396,1785-10-01,7.350999999999999
397,1785-11-01,5.526
398,1785-12-01,1.873
399,1786-01-01,0.7630000000000001
400,1786-02-01,2.657
401,1786-03-01,5.648
402,1786-04-01,9.318
403,1786-05-01,11.582999999999998
404,1786-06-01,13.035
405,1786-07-01,15.294
406,1786-08-01,14.455
407,1786-09-01,12.158
408,1786-10-01,7.712000000000001
409,1786-11-01,5.7410000000000005
410,1786-12-01,0.7339999999999995
411,1787-01-01,2.845
412,1787-02-01,2.563
413,1787-03-01,4.698
414,1787-04-01,7.7719999999999985
415,1787-05-01,11.403
416,1787-06-01,14.369000000000002
417,1787-07-01,13.451
418,1787-08-01,13.555
419,1787-09-01,10.357
420,1787-10-01,7.7719999999999985
421,1787-11-01,5.801
422,1787-12-01,1.7959999999999998
423,1788-01-01,0.7350000000000001
424,1788-02-01,3.5810000000000004
425,1788-03-01,5.336
426,1788-04-01,8.713999999999999
427,1788-05-01,10.428
428,1788-06-01,13.808
429,1788-07-01,16.468
430,1788-08-01,13.885
431,1788-09-01,11.699000000000002
432,1788-10-01,9.349
433,1788-11-01,6.111000000000001
434,1788-12-01,1.2519999999999998
435,1789-01-01,3.706
436,1789-02-01,1.675
437,1789-03-01,3.989
438,1789-04-01,7.693999999999999
439,1789-05-01,11.666
440,1789-06-01,13.507
441,1789-07-01,15.462
442,1789-08-01,13.84
443,1789-09-01,12.018
444,1789-10-01,7.39
445,1789-11-01,5.964
446,1789-12-01,3.099
447,1790-01-01,2.444
448,1790-02-01,2.9730000000000003
449,1790-03-01,4.582
450,1790-04-01,6.052999999999999
451,1790-05-01,10.357
452,1790-06-01,13.746
453,1790-07-01,13.812
454,1790-08-01,13.925
455,1790-09-01,11.233
456,1790-10-01,8.577
457,1790-11-01,5.331
458,1790-12-01,2.755
459,1791-01-01,1.493
460,1791-02-01,3.466
461,1791-03-01,4.79
462,1791-04-01,9.127
463,1791-05-01,9.859
464,1791-06-01,13.231
465,1791-07-01,13.612
466,1791-08-01,13.744000000000002
467,1791-09-01,11.677
468,1791-10-01,8.08
469,1791-11-01,6.206
470,1791-12-01,3.526
471,1792-01-01,0.3480000000000003
472,1792-02-01,3.62
473,1792-03-01,4.428999999999999
474,1792-04-01,7.994
475,1792-05-01,11.321
476,1792-06-01,13.581
477,1792-07-01,14.212
478,1792-08-01,12.281
479,1792-09-01,12.491
480,1792-10-01,8.097000000000001
481,1792-11-01,5.306
482,1792-12-01,3.388
483,1793-01-01,0.5209999999999999
484,1793-02-01,4.745
485,1793-03-01,5.042
486,1793-04-01,8.642999999999999
487,1793-05-01,11.059
488,1793-06-01,13.146
489,1793-07-01,14.336
490,1793-08-01,13.16
491,1793-09-01,12.002
492,1793-10-01,8.392999999999999
493,1793-11-01,5.666
494,1793-12-01,2.037
495,1794-01-01,3.71
496,1794-02-01,3.605
497,1794-03-01,5.696000000000001
498,1794-04-01,9.367
499,1794-05-01,12.376
500,1794-06-01,11.994000000000002
501,1794-07-01,12.874
502,1794-08-01,13.484000000000002
503,1794-09-01,11.896
504,1794-10-01,9.108
505,1794-11-01,5.284
506,1794-12-01,2.918
507,1795-01-01,2.7310000000000003
508,1795-02-01,4.39
509,1795-03-01,5.709
510,1795-04-01,8.918
511,1795-05-01,11.029000000000002
512,1795-06-01,13.293
513,1795-07-01,14.295
514,1795-08-01,13.14
515,1795-09-01,11.133
516,1795-10-01,7.786
517,1795-11-01,5.207000000000001
518,1795-12-01,2.573
519,1796-01-01,2.8440000000000003
520,1796-02-01,2.736
521,1796-03-01,3.477
522,1796-04-01,7.773
523,1796-05-01,11.273
524,1796-06-01,14.216
525,1796-07-01,14.314
526,1796-08-01,14.722
527,1796-09-01,12.012
528,1796-10-01,8.924
529,1796-11-01,5.702000000000001
530,1796-12-01,1.259
531,1797-01-01,4.396
532,1797-02-01,4.957
533,1797-03-01,4.056
534,1797-04-01,6.6
535,1797-05-01,10.417
536,1797-06-01,13.852
537,1797-07-01,14.107
538,1797-08-01,14.04
539,1797-09-01,12.459
540,1797-10-01,9.191
541,1797-11-01,4.777
542,1797-12-01,3.275
543,1798-01-01,2.6790000000000003
544,1798-02-01,3.213
545,1798-03-01,7.007999999999999
546,1798-04-01,8.083
547,1798-05-01,11.768999999999998
548,1798-06-01,13.246
549,1798-07-01,14.951
550,1798-08-01,14.754
551,1798-09-01,11.627
552,1798-10-01,8.655
553,1798-11-01,6.031000000000001
554,1798-12-01,2.027
555,1799-01-01,1.923
556,1799-02-01,2.0780000000000003
557,1799-03-01,3.986
558,1799-04-01,8.786
559,1799-05-01,11.353
560,1799-06-01,13.68
561,1799-07-01,14.869000000000002
562,1799-08-01,14.086
563,1799-09-01,12.311
564,1799-10-01,9.606
565,1799-11-01,5.904
566,1799-12-01,3.487
567,1800-01-01,2.815
568,1800-02-01,3.634
569,1800-03-01,4.452
570,1800-04-01,9.125
571,1800-05-01,11.097
572,1800-06-01,13.606
573,1800-07-01,13.763
574,1800-08-01,13.619000000000002
575,1800-09-01,10.795
576,1800-10-01,9.469
577,1800-11-01,5.572
578,1800-12-01,3.864
579,1801-01-01,2.6870000000000003
580,1801-02-01,3.149
581,1801-03-01,6.455
582,1801-04-01,7.404
583,1801-05-01,12.123
584,1801-06-01,12.536
585,1801-07-01,14.675999999999998
586,1801-08-01,13.187
587,1801-09-01,11.462
588,1801-10-01,9.099
589,1801-11-01,5.72
590,1801-12-01,4.577999999999999
591,1802-01-01,3.74
592,1802-02-01,2.8280000000000003
593,1802-03-01,5.2010000000000005
594,1802-04-01,7.622999999999998
595,1802-05-01,10.457
596,1802-06-01,14.470999999999998
597,1802-07-01,14.628
598,1802-08-01,14.039
599,1802-09-01,11.787999999999998
600,1802-10-01,9.747
601,1802-11-01,5.535
602,1802-12-01,2.881
603,1803-01-01,0.6019999999999999
604,1803-02-01,1.443
605,1803-03-01,4.875
606,1803-04-01,9.291
607,1803-05-01,11.795
608,1803-06-01,13.821
609,1803-07-01,15.106
610,1803-08-01,15.366
611,1803-09-01,12.33
612,1803-10-01,9.119
613,1803-11-01,5.961
614,1803-12-01,2.327
615,1804-01-01,2.4450000000000003
616,1804-02-01,1.939
617,1804-03-01,4.425
618,1804-04-01,10.057
619,1804-05-01,12.107
620,1804-06-01,13.774
621,1804-07-01,15.774
622,1804-08-01,14.511
623,1804-09-01,12.468
624,1804-10-01,9.282
625,1804-11-01,7.132000000000001
626,1804-12-01,2.224
627,1805-01-01,2.822
628,1805-02-01,2.557
629,1805-03-01,5.76
630,1805-04-01,8.123
631,1805-05-01,11.104
632,1805-06-01,14.027
633,1805-07-01,14.702
634,1805-08-01,15.27
635,1805-09-01,12.039
636,1805-10-01,7.635999999999999
637,1805-11-01,4.555
638,1805-12-01,4.158
639,1806-01-01,2.9170000000000003
640,1806-02-01,2.937
641,1806-03-01,4.691
642,1806-04-01,8.032
643,1806-05-01,11.503
644,1806-06-01,12.418
645,1806-07-01,13.923
646,1806-08-01,14.593
647,1806-09-01,12.549
648,1806-10-01,8.426
649,1806-11-01,5.231
650,1806-12-01,3.989
651,1807-01-01,1.0550000000000002
652,1807-02-01,4.093999999999999
653,1807-03-01,4.788
654,1807-04-01,6.970999999999999
655,1807-05-01,9.331
656,1807-06-01,13.293
657,1807-07-01,14.138
658,1807-08-01,13.799
659,1807-09-01,12.614999999999998
660,1807-10-01,8.857000000000001
661,1807-11-01,6.015
662,1807-12-01,4.420999999999999
663,1808-01-01,1.131
664,1808-02-01,2.142
665,1808-03-01,4.361000000000001
666,1808-04-01,7.481999999999998
667,1808-05-01,9.357
668,1808-06-01,13.428999999999998
669,1808-07-01,14.491
670,1808-08-01,13.047
671,1808-09-01,12.711
672,1808-10-01,7.971999999999999
673,1808-11-01,4.5120000000000005
674,1808-12-01,0.887
675,1809-01-01,0.2080000000000001
676,1809-02-01,0.8559999999999999
677,1809-03-01,3.425
678,1809-04-01,7.832999999999998
679,1809-05-01,9.243
680,1809-06-01,12.998
681,1809-07-01,12.656
682,1809-08-01,12.905
683,1809-09-01,10.967
684,1809-10-01,8.65
685,1809-11-01,3.099
686,1809-12-01,2.077
687,1810-01-01,0.8880000000000001
688,1810-02-01,2.391
689,1810-03-01,5.013999999999999
690,1810-04-01,6.533
691,1810-05-01,9.069
692,1810-06-01,11.934
693,1810-07-01,12.550999999999998
694,1810-08-01,12.041
695,1810-09-01,9.532
696,1810-10-01,6.632000000000001
697,1810-11-01,3.827
698,1810-12-01,2.66
699,1811-01-01,1.374
700,1811-02-01,0.4500000000000002
701,1811-03-01,3.701
702,1811-04-01,6.3020000000000005
703,1811-05-01,9.443
704,1811-06-01,12.137
705,1811-07-01,11.956
706,1811-08-01,13.326
707,1811-09-01,10.368
708,1811-10-01,6.58
709,1811-11-01,3.503
710,1811-12-01,3.174
711,1812-01-01,0.977
712,1812-02-01,0.1310000000000002
713,1812-03-01,2.044
714,1812-04-01,6.949999999999998
715,1812-05-01,9.579999999999998
716,1812-06-01,12.005
717,1812-07-01,14.355
718,1812-08-01,15.018
719,1812-09-01,10.185
720,1812-10-01,7.593
721,1812-11-01,4.369
722,1812-12-01,1.348
723,1813-01-01,-1.3849999999999998
724,1813-02-01,2.258
725,1813-03-01,1.596
726,1813-04-01,8.181999999999999
727,1813-05-01,11.367
728,1813-06-01,13.242
729,1813-07-01,14.521
730,1813-08-01,13.097
731,1813-09-01,12.339
732,1813-10-01,8.666
733,1813-11-01,6.825
734,1813-12-01,2.171
735,1814-01-01,1.5020000000000002
736,1814-02-01,1.689
737,1814-03-01,2.664
738,1814-04-01,7.193
739,1814-05-01,9.417
740,1814-06-01,12.818
741,1814-07-01,12.532
742,1814-08-01,12.668
743,1814-09-01,10.675999999999998
744,1814-10-01,7.374
745,1814-11-01,6.739
746,1814-12-01,5.8290000000000015
747,1815-01-01,2.051
748,1815-02-01,2.273
749,1815-03-01,3.663
750,1815-04-01,6.587999999999999
751,1815-05-01,9.845
752,1815-06-01,11.162
753,1815-07-01,14.394
754,1815-08-01,13.209
755,1815-09-01,11.151
756,1815-10-01,7.1370000000000005
757,1815-11-01,4.178
758,1815-12-01,1.2209999999999996
759,1816-01-01,2.737
760,1816-02-01,0.6759999999999997
761,1816-03-01,3.905
762,1816-04-01,7.606
763,1816-05-01,10.594
764,1816-06-01,11.79
765,1816-07-01,12.267
766,1816-08-01,12.57
767,1816-09-01,10.39
768,1816-10-01,5.699
769,1816-11-01,4.058
770,1816-12-01,0.9580000000000002
771,1817-01-01,1.54
772,1817-02-01,3.649
773,1817-03-01,4.569
774,1817-04-01,7.8889999999999985
775,1817-05-01,9.476
776,1817-06-01,11.287
777,1817-07-01,12.072
778,1817-08-01,13.403
779,1817-09-01,8.812000000000001
780,1817-10-01,6.202999999999999
781,1817-11-01,4.638
782,1817-12-01,0.1699999999999999
783,1818-01-01,1.2040000000000002
784,1818-02-01,0.7549999999999999
785,1818-03-01,5.565
786,1818-04-01,9.901
787,1818-05-01,11.247
788,1818-06-01,13.825
789,1818-07-01,13.51
790,1818-08-01,13.166
791,1818-09-01,10.578
792,1818-10-01,6.654
793,1818-11-01,5.035
794,1818-12-01,2.507
795,1819-01-01,1.0140000000000002
796,1819-02-01,2.286
797,1819-03-01,2.931
798,1819-04-01,7.029
799,1819-05-01,9.851
800,1819-06-01,12.526
801,1819-07-01,13.038
802,1819-08-01,12.557
803,1819-09-01,10.893999999999998
804,1819-10-01,9.312
805,1819-11-01,5.15
806,1819-12-01,1.842
807,1820-01-01,1.236
808,1820-02-01,2.145
809,1820-03-01,4.618
810,1820-04-01,8.7
811,1820-05-01,11.62
812,1820-06-01,13.323
813,1820-07-01,13.311
814,1820-08-01,11.978
815,1820-09-01,11.16
816,1820-10-01,7.587999999999999
817,1820-11-01,4.4430000000000005
818,1820-12-01,1.273
819,1821-01-01,2.999
820,1821-02-01,3.758
821,1821-03-01,5.462000000000001
822,1821-04-01,7.738999999999999
823,1821-05-01,11.3
824,1821-06-01,12.608
825,1821-07-01,13.039
826,1821-08-01,13.145
827,1821-09-01,10.178
828,1821-10-01,8.535
829,1821-11-01,5.601
830,1821-12-01,2.717
831,1822-01-01,2.759
832,1822-02-01,4.465
833,1822-03-01,7.787000000000001
834,1822-04-01,8.277999999999999
835,1822-05-01,10.486
836,1822-06-01,13.067
837,1822-07-01,14.212
838,1822-08-01,13.215
839,1822-09-01,10.695
840,1822-10-01,7.773999999999999
841,1822-11-01,4.501
842,1822-12-01,1.0210000000000004
843,1823-01-01,1.758
844,1823-02-01,1.966
845,1823-03-01,5.0680000000000005
846,1823-04-01,7.664999999999999
847,1823-05-01,10.563
848,1823-06-01,13.958
849,1823-07-01,14.197
850,1823-08-01,13.13
851,1823-09-01,10.198
852,1823-10-01,7.641999999999999
853,1823-11-01,4.508
854,1823-12-01,1.971
855,1824-01-01,2.651
856,1824-02-01,2.679
857,1824-03-01,5.357
858,1824-04-01,8.375
859,1824-05-01,11.132
860,1824-06-01,13.427
861,1824-07-01,14.83
862,1824-08-01,13.437
863,1824-09-01,11.528
864,1824-10-01,8.197000000000001
865,1824-11-01,5.877000000000001
866,1824-12-01,5.0760000000000005
867,1825-01-01,3.213
868,1825-02-01,3.092
869,1825-03-01,5.365
870,1825-04-01,8.988
871,1825-05-01,10.751
872,1825-06-01,13.765
873,1825-07-01,14.007
874,1825-08-01,13.269
875,1825-09-01,11.148
876,1825-10-01,7.978999999999999
877,1825-11-01,6.058
878,1825-12-01,3.037
879,1826-01-01,1.893
880,1826-02-01,1.533
881,1826-03-01,4.888
882,1826-04-01,8.402999999999999
883,1826-05-01,11.803999999999998
884,1826-06-01,13.02
885,1826-07-01,14.482
886,1826-08-01,13.109000000000002
887,1826-09-01,11.178
888,1826-10-01,8.459
889,1826-11-01,6.634
890,1826-12-01,4.876
891,1827-01-01,3.593
892,1827-02-01,4.415
893,1827-03-01,6.141
894,1827-04-01,9.428999999999998
895,1827-05-01,11.807
896,1827-06-01,13.548
897,1827-07-01,14.684
898,1827-08-01,13.694
899,1827-09-01,10.883
900,1827-10-01,8.51
901,1827-11-01,6.279
902,1827-12-01,2.722
903,1828-01-01,0.5950000000000002
904,1828-02-01,1.853
905,1828-03-01,5.729
906,1828-04-01,8.737
907,1828-05-01,11.281
908,1828-06-01,14.124
909,1828-07-01,14.384
910,1828-08-01,13.635
911,1828-09-01,10.079999999999998
912,1828-10-01,8.655999999999999
913,1828-11-01,5.957000000000001
914,1828-12-01,2.9530000000000003
915,1829-01-01,2.032
916,1829-02-01,1.715
917,1829-03-01,5.061
918,1829-04-01,7.814999999999999
919,1829-05-01,11.336
920,1829-06-01,12.86
921,1829-07-01,14.225
922,1829-08-01,13.399
923,1829-09-01,10.598
924,1829-10-01,8.806000000000001
925,1829-11-01,5.003
926,1829-12-01,2.452
927,1830-01-01,2.9570000000000003
928,1830-02-01,4.085
929,1830-03-01,4.4540000000000015
930,1830-04-01,8.841000000000001
931,1830-05-01,10.202
932,1830-06-01,12.827
933,1830-07-01,14.942
934,1830-08-01,13.386
935,1830-09-01,10.54
936,1830-10-01,7.9929999999999986
937,1830-11-01,7.492999999999999
938,1830-12-01,4.481
939,1831-01-01,2.182
940,1831-02-01,2.479
941,1831-03-01,4.558
942,1831-04-01,7.731
943,1831-05-01,10.994000000000002
944,1831-06-01,13.203
945,1831-07-01,13.58
946,1831-08-01,12.49
947,1831-09-01,9.946
948,1831-10-01,7.83
949,1831-11-01,4.412
950,1831-12-01,2.265
951,1832-01-01,1.717
952,1832-02-01,1.833
953,1832-03-01,4.65
954,1832-04-01,8.059
955,1832-05-01,10.489
956,1832-06-01,12.857
957,1832-07-01,13.727
958,1832-08-01,11.966
959,1832-09-01,10.425999999999998
960,1832-10-01,8.634
961,1832-11-01,4.2620000000000005
962,1832-12-01,0.7819999999999996
963,1833-01-01,2.006
964,1833-02-01,2.815
965,1833-03-01,4.521
966,1833-04-01,7.869
967,1833-05-01,10.581
968,1833-06-01,13.049
969,1833-07-01,13.803
970,1833-08-01,13.222
971,1833-09-01,11.236
972,1833-10-01,7.899999999999999
973,1833-11-01,6.596
974,1833-12-01,2.5580000000000003
975,1834-01-01,0.3340000000000001
976,1834-02-01,2.329
977,1834-03-01,5.736000000000001
978,1834-04-01,8.084999999999999
979,1834-05-01,11.234000000000002
980,1834-06-01,12.799
981,1834-07-01,14.197
982,1834-08-01,13.412
983,1834-09-01,11.571
984,1834-10-01,8.616999999999999
985,1834-11-01,6.355
986,1834-12-01,3.092
987,1835-01-01,2.551
988,1835-02-01,2.967
989,1835-03-01,4.507
990,1835-04-01,7.768999999999999
991,1835-05-01,10.171
992,1835-06-01,12.007
993,1835-07-01,13.129
994,1835-08-01,12.322
995,1835-09-01,9.942
996,1835-10-01,7.834999999999999
997,1835-11-01,4.312
998,1835-12-01,1.198
999,1836-01-01,1.67
1000,1836-02-01,2.371
1001,1836-03-01,5.448
1002,1836-04-01,7.314999999999999
1003,1836-05-01,10.279000000000002
1004,1836-06-01,12.549
1005,1836-07-01,13.646
1006,1836-08-01,12.83
1007,1836-09-01,10.812
1008,1836-10-01,8.756
1009,1836-11-01,3.814
1010,1836-12-01,2.86
1011,1837-01-01,1.94
1012,1837-02-01,2.619
1013,1837-03-01,3.865
1014,1837-04-01,6.555999999999999
1015,1837-05-01,9.973
1016,1837-06-01,12.099
1017,1837-07-01,13.526
1018,1837-08-01,13.018
1019,1837-09-01,10.805
1020,1837-10-01,7.653
1021,1837-11-01,4.1690000000000005
1022,1837-12-01,2.285
1023,1838-01-01,-0.5569999999999999
1024,1838-02-01,1.5630000000000002
1025,1838-03-01,3.723
1026,1838-04-01,7.382999999999999
1027,1838-05-01,9.985
1028,1838-06-01,12.742
1029,1838-07-01,14.367
1030,1838-08-01,13.568
1031,1838-09-01,11.106
1032,1838-10-01,8.526
1033,1838-11-01,5.16
1034,1838-12-01,2.613
1035,1839-01-01,2.156
1036,1839-02-01,3.482
1037,1839-03-01,2.673
1038,1839-04-01,7.891999999999999
1039,1839-05-01,10.289
1040,1839-06-01,12.548
1041,1839-07-01,14.411
1042,1839-08-01,14.07
1043,1839-09-01,10.853
1044,1839-10-01,8.219
1045,1839-11-01,3.92
1046,1839-12-01,1.0739999999999998
1047,1840-01-01,2.5610000000000004
1048,1840-02-01,2.1020000000000003
1049,1840-03-01,4.04
1050,1840-04-01,7.943
1051,1840-05-01,11.173
1052,1840-06-01,13.411
1053,1840-07-01,14.714
1054,1840-08-01,13.086
1055,1840-09-01,11.01
1056,1840-10-01,7.505
1057,1840-11-01,4.101
1058,1840-12-01,1.909
1059,1841-01-01,0.6490000000000002
1060,1841-02-01,2.468
1061,1841-03-01,3.307
1062,1841-04-01,6.77
1063,1841-05-01,10.764
1064,1841-06-01,13.062
1065,1841-07-01,14.552
1066,1841-08-01,13.708
1067,1841-09-01,10.921
1068,1841-10-01,8.764999999999999
1069,1841-11-01,4.744
1070,1841-12-01,2.548
1071,1842-01-01,1.636
1072,1842-02-01,2.787
1073,1842-03-01,5.75
1074,1842-04-01,8.309999999999999
1075,1842-05-01,10.535
1076,1842-06-01,12.629
1077,1842-07-01,13.584
1078,1842-08-01,13.241
1079,1842-09-01,10.94
1080,1842-10-01,8.307
1081,1842-11-01,4.824
1082,1842-12-01,3.73
1083,1843-01-01,2.974
1084,1843-02-01,3.92
1085,1843-03-01,4.744
1086,1843-04-01,7.829999999999999
1087,1843-05-01,10.04
1088,1843-06-01,12.53
1089,1843-07-01,13.991
1090,1843-08-01,13.295
1091,1843-09-01,11.326
1092,1843-10-01,8.722000000000001
1093,1843-11-01,4.947
1094,1843-12-01,3.765
1095,1844-01-01,1.868
1096,1844-02-01,2.0380000000000003
1097,1844-03-01,4.734
1098,1844-04-01,7.3889999999999985
1099,1844-05-01,10.109
1100,1844-06-01,12.84
1101,1844-07-01,13.921
1102,1844-08-01,13.046
1103,1844-09-01,10.819
1104,1844-10-01,8.7
1105,1844-11-01,4.401
1106,1844-12-01,1.891
1107,1845-01-01,2.661
1108,1845-02-01,1.6269999999999998
1109,1845-03-01,4.651
1110,1845-04-01,8.158
1111,1845-05-01,10.433
1112,1845-06-01,12.863
1113,1845-07-01,14.319
1114,1845-08-01,13.556
1115,1845-09-01,11.234000000000002
1116,1845-10-01,7.781999999999999
1117,1845-11-01,5.194
1118,1845-12-01,1.7359999999999998
1119,1846-01-01,3.213
1120,1846-02-01,3.3760000000000003
1121,1846-03-01,6.314
1122,1846-04-01,7.472999999999999
1123,1846-05-01,10.896
1124,1846-06-01,13.53
1125,1846-07-01,14.923
1126,1846-08-01,14.121
1127,1846-09-01,11.738
1128,1846-10-01,8.229
1129,1846-11-01,5.0440000000000005
1130,1846-12-01,3.776
1131,1847-01-01,2.753
1132,1847-02-01,3.602
1133,1847-03-01,4.046
1134,1847-04-01,7.979999999999999
1135,1847-05-01,10.622
1136,1847-06-01,12.828
1137,1847-07-01,14.25
1138,1847-08-01,13.414
1139,1847-09-01,11.619000000000002
1140,1847-10-01,8.618
1141,1847-11-01,5.574
1142,1847-12-01,1.7259999999999998
1143,1848-01-01,0.5100000000000002
1144,1848-02-01,3.726
1145,1848-03-01,4.806
1146,1848-04-01,8.11
1147,1848-05-01,10.579999999999998
1148,1848-06-01,13.247
1149,1848-07-01,14.466
1150,1848-08-01,13.268
1151,1848-09-01,10.997
1152,1848-10-01,8.655
1153,1848-11-01,5.29
1154,1848-12-01,2.099
1155,1849-01-01,1.941
1156,1849-02-01,2.638
1157,1849-03-01,5.3020000000000005
1158,1849-04-01,7.028
1159,1849-05-01,10.159
1160,1849-06-01,13.0
1161,1849-07-01,14.458
1162,1849-08-01,13.603
1163,1849-09-01,11.093
1164,1849-10-01,8.889999999999997
1165,1849-11-01,5.7780000000000005
1166,1849-12-01,1.923
1167,1850-01-01,0.7490000000000001
1168,1850-02-01,3.071
1169,1850-03-01,4.954
1170,1850-04-01,7.217
1171,1850-05-01,10.004
1172,1850-06-01,13.15
1173,1850-07-01,14.492
1174,1850-08-01,14.039
1175,1850-09-01,11.505
1176,1850-10-01,8.091000000000001
1177,1850-11-01,4.7330000000000005
1178,1850-12-01,2.803
1179,1851-01-01,2.431
1180,1851-02-01,2.508
1181,1851-03-01,4.192
1182,1851-04-01,7.286999999999999
1183,1851-05-01,11.113
1184,1851-06-01,13.418
1185,1851-07-01,14.531
1186,1851-08-01,13.751
1187,1851-09-01,11.677
1188,1851-10-01,9.122
1189,1851-11-01,4.973
1190,1851-12-01,3.14
1191,1852-01-01,2.3760000000000003
1192,1852-02-01,2.54
1193,1852-03-01,3.884
1194,1852-04-01,7.486999999999999
1195,1852-05-01,11.169
1196,1852-06-01,13.164
1197,1852-07-01,14.512
1198,1852-08-01,13.304
1199,1852-09-01,11.478
1200,1852-10-01,8.91
1201,1852-11-01,4.593
1202,1852-12-01,3.785
1203,1853-01-01,1.786
1204,1853-02-01,2.228
1205,1853-03-01,4.078
1206,1853-04-01,7.540999999999999
1207,1853-05-01,10.975
1208,1853-06-01,13.41
1209,1853-07-01,14.645
1210,1853-08-01,13.953
1211,1853-09-01,11.71
1212,1853-10-01,8.535
1213,1853-11-01,4.783
1214,1853-12-01,2.858
1215,1854-01-01,1.281
1216,1854-02-01,1.941
1217,1854-03-01,4.698
1218,1854-04-01,7.622000000000001
1219,1854-05-01,11.095
1220,1854-06-01,12.829
1221,1854-07-01,14.692
1222,1854-08-01,13.889
1223,1854-09-01,11.514
1224,1854-10-01,9.763
1225,1854-11-01,5.745
1226,1854-12-01,3.457
1227,1855-01-01,2.522
1228,1855-02-01,2.982
1229,1855-03-01,4.617
1230,1855-04-01,8.58
1231,1855-05-01,11.186
1232,1855-06-01,12.984000000000002
1233,1855-07-01,13.925999999999998
1234,1855-08-01,13.547
1235,1855-09-01,11.140999999999998
1236,1855-10-01,8.443999999999999
1237,1855-11-01,5.186
1238,1855-12-01,2.214
1239,1856-01-01,2.76
1240,1856-02-01,2.226
1241,1856-03-01,4.372
1242,1856-04-01,7.750999999999999
1243,1856-05-01,10.53
1244,1856-06-01,13.496
1245,1856-07-01,14.019
1246,1856-08-01,13.021
1247,1856-09-01,10.948
1248,1856-10-01,8.087
1249,1856-11-01,5.36
1250,1856-12-01,3.381
1251,1857-01-01,1.821
1252,1857-02-01,2.481
1253,1857-03-01,4.312
1254,1857-04-01,6.826999999999999
1255,1857-05-01,9.885
1256,1857-06-01,12.611
1257,1857-07-01,13.953
1258,1857-08-01,13.203
1259,1857-09-01,11.056
1260,1857-10-01,8.198
1261,1857-11-01,5.236000000000001
1262,1857-12-01,3.515
1263,1858-01-01,2.739
1264,1858-02-01,2.2840000000000003
1265,1858-03-01,4.834
1266,1858-04-01,8.25
1267,1858-05-01,10.851
1268,1858-06-01,12.956
1269,1858-07-01,13.677
1270,1858-08-01,13.22
1271,1858-09-01,11.148
1272,1858-10-01,8.809999999999997
1273,1858-11-01,5.99
1274,1858-12-01,2.444
1275,1859-01-01,2.015
1276,1859-02-01,2.611
1277,1859-03-01,5.023
1278,1859-04-01,8.542
1279,1859-05-01,11.456
1280,1859-06-01,13.142
1281,1859-07-01,13.827
1282,1859-08-01,13.217
1283,1859-09-01,11.079999999999998
1284,1859-10-01,8.834
1285,1859-11-01,5.912000000000001
1286,1859-12-01,3.365
1287,1860-01-01,2.077
1288,1860-02-01,2.632
1289,1860-03-01,3.494
1290,1860-04-01,7.76
1291,1860-05-01,11.062
1292,1860-06-01,13.271999999999998
1293,1860-07-01,14.203
1294,1860-08-01,13.765
1295,1860-09-01,11.892
1296,1860-10-01,8.712
1297,1860-11-01,5.027
1298,1860-12-01,1.634
1299,1861-01-01,0.4040000000000004
1300,1861-02-01,2.137
1301,1861-03-01,4.489
1302,1861-04-01,7.486999999999999
1303,1861-05-01,10.515999999999998
1304,1861-06-01,13.017
1305,1861-07-01,13.967
1306,1861-08-01,13.656
1307,1861-09-01,11.409
1308,1861-10-01,8.475
1309,1861-11-01,5.707000000000001
1310,1861-12-01,2.894
1311,1862-01-01,0.685
1312,1862-02-01,1.769
1313,1862-03-01,4.485
1314,1862-04-01,7.322999999999999
1315,1862-05-01,10.739
1316,1862-06-01,12.86
1317,1862-07-01,13.928
1318,1862-08-01,13.188
1319,1862-09-01,11.028
1320,1862-10-01,8.283
1321,1862-11-01,4.792
1322,1862-12-01,1.6230000000000002
1323,1863-01-01,3.0340000000000003
1324,1863-02-01,3.253
1325,1863-03-01,4.682
1326,1863-04-01,7.930999999999999
1327,1863-05-01,11.081
1328,1863-06-01,12.794
1329,1863-07-01,13.765
1330,1863-08-01,13.294
1331,1863-09-01,11.23
1332,1863-10-01,8.235
1333,1863-11-01,5.392
1334,1863-12-01,2.651
1335,1864-01-01,1.551
1336,1864-02-01,2.506
1337,1864-03-01,4.651
1338,1864-04-01,7.515
1339,1864-05-01,10.956
1340,1864-06-01,13.365
1341,1864-07-01,14.162
1342,1864-08-01,13.434
1343,1864-09-01,11.37
1344,1864-10-01,8.795
1345,1864-11-01,5.232
1346,1864-12-01,2.266
1347,1865-01-01,2.975
1348,1865-02-01,2.152
1349,1865-03-01,4.039
1350,1865-04-01,7.313999999999999
1351,1865-05-01,10.917
1352,1865-06-01,13.214
1353,1865-07-01,14.22
1354,1865-08-01,13.58
1355,1865-09-01,11.797
1356,1865-10-01,9.136
1357,1865-11-01,6.144
1358,1865-12-01,2.6460000000000004
1359,1866-01-01,2.932
1360,1866-02-01,2.274
1361,1866-03-01,4.421
1362,1866-04-01,7.914
1363,1866-05-01,10.898
1364,1866-06-01,12.853
1365,1866-07-01,14.602
1366,1866-08-01,13.532
1367,1866-09-01,11.527
1368,1866-10-01,8.506
1369,1866-11-01,5.8950000000000005
1370,1866-12-01,4.152
1371,1867-01-01,2.482
1372,1867-02-01,2.664
1373,1867-03-01,4.4540000000000015
1374,1867-04-01,8.258
1375,1867-05-01,10.495
1376,1867-06-01,13.303
1377,1867-07-01,14.223
1378,1867-08-01,13.505999999999998
1379,1867-09-01,11.763
1380,1867-10-01,9.212
1381,1867-11-01,6.939
1382,1867-12-01,3.937
1383,1868-01-01,1.834
1384,1868-02-01,2.039
1385,1868-03-01,4.538
1386,1868-04-01,8.183
1387,1868-05-01,11.308
1388,1868-06-01,13.162
1389,1868-07-01,14.514
1390,1868-08-01,13.744000000000002
1391,1868-09-01,11.669
1392,1868-10-01,9.448
1393,1868-11-01,5.192
1394,1868-12-01,3.344
1395,1869-01-01,2.115
1396,1869-02-01,3.864
1397,1869-03-01,4.3740000000000006
1398,1869-04-01,7.9209999999999985
1399,1869-05-01,11.295
1400,1869-06-01,13.537
1401,1869-07-01,14.337
1402,1869-08-01,14.01
1403,1869-09-01,12.247
1404,1869-10-01,9.006
1405,1869-11-01,5.773
1406,1869-12-01,2.7060000000000004
1407,1870-01-01,2.082
1408,1870-02-01,2.1340000000000003
1409,1870-03-01,4.656000000000001
1410,1870-04-01,7.879
1411,1870-05-01,11.339
1412,1870-06-01,13.653
1413,1870-07-01,14.599
1414,1870-08-01,13.484000000000002
1415,1870-09-01,11.952
1416,1870-10-01,8.809999999999997
1417,1870-11-01,5.6
1418,1870-12-01,2.228
1419,1871-01-01,1.4469999999999998
1420,1871-02-01,1.736
1421,1871-03-01,4.6850000000000005
1422,1871-04-01,8.34
1423,1871-05-01,10.787999999999998
1424,1871-06-01,13.08
1425,1871-07-01,14.29
1426,1871-08-01,13.932
1427,1871-09-01,11.711
1428,1871-10-01,9.096
1429,1871-11-01,5.113
1430,1871-12-01,3.1630000000000003
1431,1872-01-01,1.652
1432,1872-02-01,2.35
1433,1872-03-01,4.922
1434,1872-04-01,7.845999999999999
1435,1872-05-01,11.198
1436,1872-06-01,13.055
1437,1872-07-01,14.285
1438,1872-08-01,13.821
1439,1872-09-01,11.957999999999998
1440,1872-10-01,9.24
1441,1872-11-01,5.372000000000001
1442,1872-12-01,2.627
1443,1873-01-01,2.013
1444,1873-02-01,3.195
1445,1873-03-01,4.704
1446,1873-04-01,7.462000000000001
1447,1873-05-01,11.005999999999998
1448,1873-06-01,13.405
1449,1873-07-01,14.287
1450,1873-08-01,13.755
1451,1873-09-01,11.486999999999998
1452,1873-10-01,9.234
1453,1873-11-01,5.819
1454,1873-12-01,3.846
1455,1874-01-01,2.685
1456,1874-02-01,3.069
1457,1874-03-01,4.221
1458,1874-04-01,8.231
1459,1874-05-01,11.306
1460,1874-06-01,13.306
1461,1874-07-01,14.122
1462,1874-08-01,13.815
1463,1874-09-01,12.111
1464,1874-10-01,9.12
1465,1874-11-01,5.809
1466,1874-12-01,3.407
1467,1875-01-01,1.533
1468,1875-02-01,2.259
1469,1875-03-01,4.256
1470,1875-04-01,7.635999999999999
1471,1875-05-01,10.746
1472,1875-06-01,13.157
1473,1875-07-01,14.144
1474,1875-08-01,13.401
1475,1875-09-01,11.319
1476,1875-10-01,8.584999999999999
1477,1875-11-01,4.614
1478,1875-12-01,2.665
1479,1876-01-01,1.856
1480,1876-02-01,2.617
1481,1876-03-01,4.748
1482,1876-04-01,8.199
1483,1876-05-01,10.69
1484,1876-06-01,13.130999999999998
1485,1876-07-01,14.319
1486,1876-08-01,13.481
1487,1876-09-01,11.687
1488,1876-10-01,8.946
1489,1876-11-01,5.093
1490,1876-12-01,2.194
1491,1877-01-01,2.286
1492,1877-02-01,2.928
1493,1877-03-01,5.297000000000001
1494,1877-04-01,8.039
1495,1877-05-01,11.056
1496,1877-06-01,13.384
1497,1877-07-01,14.642
1498,1877-08-01,14.151
1499,1877-09-01,12.075
1500,1877-10-01,9.273
1501,1877-11-01,6.348
1502,1877-12-01,2.9960000000000004
1503,1878-01-01,2.0170000000000003
1504,1878-02-01,3.728
1505,1878-03-01,6.6080000000000005
1506,1878-04-01,8.899
1507,1878-05-01,11.017
1508,1878-06-01,13.796
1509,1878-07-01,14.742
1510,1878-08-01,14.094
1511,1878-09-01,12.093
1512,1878-10-01,9.173
1513,1878-11-01,6.446000000000001
1514,1878-12-01,3.344
1515,1879-01-01,2.303
1516,1879-02-01,2.737
1517,1879-03-01,4.924
1518,1879-04-01,7.767999999999999
1519,1879-05-01,10.803
1520,1879-06-01,13.23
1521,1879-07-01,14.238
1522,1879-08-01,13.245
1523,1879-09-01,11.449000000000002
1524,1879-10-01,9.229
1525,1879-11-01,5.526
1526,1879-12-01,2.5380000000000003
1527,1880-01-01,1.755
1528,1880-02-01,2.052
1529,1880-03-01,4.63
1530,1880-04-01,7.558999999999998
1531,1880-05-01,11.095999999999998
1532,1880-06-01,13.327
1533,1880-07-01,14.140999999999998
1534,1880-08-01,13.807
1535,1880-09-01,11.386
1536,1880-10-01,8.673
1537,1880-11-01,5.893
1538,1880-12-01,3.1060000000000003
1539,1881-01-01,2.4610000000000003
1540,1881-02-01,2.6260000000000003
1541,1881-03-01,5.01
1542,1881-04-01,8.322999999999999
1543,1881-05-01,11.165
1544,1881-06-01,12.745
1545,1881-07-01,14.203
1546,1881-08-01,13.71
1547,1881-09-01,11.689
1548,1881-10-01,8.850999999999997
1549,1881-11-01,5.272
1550,1881-12-01,3.196
1551,1882-01-01,2.99
1552,1882-02-01,3.2310000000000003
1553,1882-03-01,5.04
1554,1882-04-01,7.690999999999999
1555,1882-05-01,10.888
1556,1882-06-01,12.805
1557,1882-07-01,13.747
1558,1882-08-01,13.703
1559,1882-09-01,11.736
1560,1882-10-01,8.445
1561,1882-11-01,5.066
1562,1882-12-01,2.205
1563,1883-01-01,1.4600000000000002
1564,1883-02-01,1.856
1565,1883-03-01,4.928999999999999
1566,1883-04-01,7.690999999999999
1567,1883-05-01,10.832
1568,1883-06-01,13.302
1569,1883-07-01,14.011
1570,1883-08-01,13.224
1571,1883-09-01,11.343
1572,1883-10-01,8.908999999999997
1573,1883-11-01,4.905
1574,1883-12-01,3.261
1575,1884-01-01,2.12
1576,1884-02-01,2.474
1577,1884-03-01,3.892
1578,1884-04-01,7.185999999999999
1579,1884-05-01,10.198
1580,1884-06-01,12.527
1581,1884-07-01,13.622
1582,1884-08-01,13.257
1583,1884-09-01,11.235
1584,1884-10-01,8.581
1585,1884-11-01,5.164
1586,1884-12-01,3.028
1587,1885-01-01,1.003
1588,1885-02-01,2.2430000000000003
1589,1885-03-01,4.622
1590,1885-04-01,7.3359999999999985
1591,1885-05-01,10.567
1592,1885-06-01,12.716
1593,1885-07-01,13.972
1594,1885-08-01,13.351
1595,1885-09-01,11.435
1596,1885-10-01,8.722000000000001
1597,1885-11-01,5.425
1598,1885-12-01,3.644
1599,1886-01-01,1.436
1600,1886-02-01,1.793
1601,1886-03-01,4.2620000000000005
1602,1886-04-01,7.909
1603,1886-05-01,10.784
1604,1886-06-01,12.789
1605,1886-07-01,14.226
1606,1886-08-01,13.323
1607,1886-09-01,11.6
1608,1886-10-01,8.604
1609,1886-11-01,5.226
1610,1886-12-01,3.502
1611,1887-01-01,0.8240000000000001
1612,1887-02-01,2.0540000000000003
1613,1887-03-01,4.552
1614,1887-04-01,7.789
1615,1887-05-01,10.84
1616,1887-06-01,12.89
1617,1887-07-01,14.021
1618,1887-08-01,13.097
1619,1887-09-01,11.707
1620,1887-10-01,8.738
1621,1887-11-01,5.5920000000000005
1622,1887-12-01,2.875
1623,1888-01-01,1.7080000000000002
1624,1888-02-01,2.039
1625,1888-03-01,4.3
1626,1888-04-01,7.845
1627,1888-05-01,10.62
1628,1888-06-01,12.921
1629,1888-07-01,14.242
1630,1888-08-01,13.511
1631,1888-09-01,11.685
1632,1888-10-01,9.201
1633,1888-11-01,5.792000000000001
1634,1888-12-01,3.222
1635,1889-01-01,1.7619999999999998
1636,1889-02-01,3.409
1637,1889-03-01,5.299
1638,1889-04-01,8.588999999999999
1639,1889-05-01,11.242
1640,1889-06-01,13.288
1641,1889-07-01,14.225
1642,1889-08-01,13.504
1643,1889-09-01,11.547
1644,1889-10-01,8.865
1645,1889-11-01,4.9990000000000006
1646,1889-12-01,3.099
1647,1890-01-01,1.836
1648,1890-02-01,2.516
1649,1890-03-01,4.21
1650,1890-04-01,7.738999999999999
1651,1890-05-01,10.464
1652,1890-06-01,12.872
1653,1890-07-01,14.034
1654,1890-08-01,13.265999999999998
1655,1890-09-01,11.546
1656,1890-10-01,9.178
1657,1890-11-01,5.03
1658,1890-12-01,2.969
1659,1891-01-01,1.6780000000000002
1660,1891-02-01,1.88
1661,1891-03-01,4.755
1662,1891-04-01,7.6179999999999986
1663,1891-05-01,10.785
1664,1891-06-01,12.888
1665,1891-07-01,13.93
1666,1891-08-01,13.496
1667,1891-09-01,11.763
1668,1891-10-01,8.722000000000001
1669,1891-11-01,5.115
1670,1891-12-01,3.602
1671,1892-01-01,2.018
1672,1892-02-01,2.805
1673,1892-03-01,4.362
1674,1892-04-01,7.5619999999999985
1675,1892-05-01,10.622
1676,1892-06-01,13.263
1677,1892-07-01,13.89
1678,1892-08-01,13.42
1679,1892-09-01,11.764
1680,1892-10-01,9.29
1681,1892-11-01,4.859
1682,1892-12-01,2.935
1683,1893-01-01,0.5
1684,1893-02-01,1.654
1685,1893-03-01,4.979
1686,1893-04-01,7.994
1687,1893-05-01,10.747
1688,1893-06-01,13.050999999999998
1689,1893-07-01,14.318
1690,1893-08-01,13.454
1691,1893-09-01,11.767
1692,1893-10-01,9.16
1693,1893-11-01,5.902
1694,1893-12-01,3.155
1695,1894-01-01,1.6909999999999998
1696,1894-02-01,2.923
1697,1894-03-01,5.118
1698,1894-04-01,7.6629999999999985
1699,1894-05-01,10.944
1700,1894-06-01,12.858
1701,1894-07-01,14.004
1702,1894-08-01,13.488
1703,1894-09-01,11.579999999999998
1704,1894-10-01,9.125
1705,1894-11-01,5.405
1706,1894-12-01,3.133
1707,1895-01-01,1.2950000000000002
1708,1895-02-01,2.0
1709,1895-03-01,4.689
1710,1895-04-01,8.247
1711,1895-05-01,10.867
1712,1895-06-01,13.058
1713,1895-07-01,14.053
1714,1895-08-01,13.489
1715,1895-09-01,11.743
1716,1895-10-01,9.117
1717,1895-11-01,5.744
1718,1895-12-01,3.462
1719,1896-01-01,2.291
1720,1896-02-01,2.707
1721,1896-03-01,4.279
1722,1896-04-01,7.329999999999999
1723,1896-05-01,10.893
1724,1896-06-01,13.303999999999998
1725,1896-07-01,14.233
1726,1896-08-01,13.624
1727,1896-09-01,11.824000000000002
1728,1896-10-01,9.416
1729,1896-11-01,5.3660000000000005
1730,1896-12-01,3.312
1731,1897-01-01,1.893
1732,1897-02-01,2.4290000000000003
1733,1897-03-01,4.345
1734,1897-04-01,8.277999999999999
1735,1897-05-01,11.377
1736,1897-06-01,13.319
1737,1897-07-01,14.31
1738,1897-08-01,13.668
1739,1897-09-01,11.925
1740,1897-10-01,9.197
1741,1897-11-01,5.6080000000000005
1742,1897-12-01,3.1710000000000003
1743,1898-01-01,2.737
1744,1898-02-01,2.354
1745,1898-03-01,3.751
1746,1898-04-01,7.906999999999999
1747,1898-05-01,10.835
1748,1898-06-01,13.395
1749,1898-07-01,14.138
1750,1898-08-01,13.579
1751,1898-09-01,11.752999999999998
1752,1898-10-01,8.828
1753,1898-11-01,5.452000000000001
1754,1898-12-01,3.407
1755,1899-01-01,2.515
1756,1899-02-01,2.38
1757,1899-03-01,4.618
1758,1899-04-01,8.280999999999999
1759,1899-05-01,11.023
1760,1899-06-01,12.856
1761,1899-07-01,14.159
1762,1899-08-01,13.777
1763,1899-09-01,12.127999999999998
1764,1899-10-01,9.409
1765,1899-11-01,6.605
1766,1899-12-01,3.005
1767,1900-01-01,1.461
1768,1900-02-01,3.0980000000000003
1769,1900-03-01,5.492000000000001
1770,1900-04-01,8.222999999999999
1771,1900-05-01,11.385
1772,1900-06-01,13.293
1773,1900-07-01,14.171
1774,1900-08-01,13.816
1775,1900-09-01,11.955
1776,1900-10-01,9.666
1777,1900-11-01,5.803999999999999
1778,1900-12-01,3.655
1779,1901-01-01,2.1910000000000003
1780,1901-02-01,3.092
1781,1901-03-01,5.671
1782,1901-04-01,8.522
1783,1901-05-01,11.178
1784,1901-06-01,13.423
1785,1901-07-01,14.339
1786,1901-08-01,13.789
1787,1901-09-01,11.984000000000002
1788,1901-10-01,9.003
1789,1901-11-01,5.976
1790,1901-12-01,3.335
1791,1902-01-01,2.684
1792,1902-02-01,3.606
1793,1902-03-01,4.883
1794,1902-04-01,7.955999999999999
1795,1902-05-01,10.893
1796,1902-06-01,13.214
1797,1902-07-01,14.231
1798,1902-08-01,13.599
1799,1902-09-01,11.799
1800,1902-10-01,8.801
1801,1902-11-01,5.274
1802,1902-12-01,2.713
1803,1903-01-01,2.514
1804,1903-02-01,3.555
1805,1903-03-01,4.93
1806,1903-04-01,7.831999999999999
1807,1903-05-01,10.794
1808,1903-06-01,12.886
1809,1903-07-01,13.992
1810,1903-08-01,13.412
1811,1903-09-01,11.501
1812,1903-10-01,8.812000000000001
1813,1903-11-01,5.516
1814,1903-12-01,2.898
1815,1904-01-01,1.6369999999999998
1816,1904-02-01,2.297
1817,1904-03-01,4.506
1818,1904-04-01,7.683999999999998
1819,1904-05-01,10.84
1820,1904-06-01,13.014
1821,1904-07-01,13.836
1822,1904-08-01,13.459
1823,1904-09-01,11.380999999999998
1824,1904-10-01,8.833
1825,1904-11-01,6.23
1826,1904-12-01,3.374
1827,1905-01-01,2.254
1828,1905-02-01,1.927
1829,1905-03-01,4.635
1830,1905-04-01,7.754999999999999
1831,1905-05-01,10.982
1832,1905-06-01,13.112
1833,1905-07-01,14.077
1834,1905-08-01,13.578
1835,1905-09-01,11.803999999999998
1836,1905-10-01,9.041
1837,1905-11-01,6.183
1838,1905-12-01,3.354
1839,1906-01-01,2.068
1840,1906-02-01,2.301
1841,1906-03-01,4.8660000000000005
1842,1906-04-01,8.626
1843,1906-05-01,11.239999999999998
1844,1906-06-01,13.334
1845,1906-07-01,14.122
1846,1906-08-01,13.691
1847,1906-09-01,11.771999999999998
1848,1906-10-01,9.267
1849,1906-11-01,5.501
1850,1906-12-01,3.761
1851,1907-01-01,1.798
1852,1907-02-01,2.117
1853,1907-03-01,4.575
1854,1907-04-01,7.579
1855,1907-05-01,10.375
1856,1907-06-01,12.729
1857,1907-07-01,13.769
1858,1907-08-01,13.362
1859,1907-09-01,11.665
1860,1907-10-01,9.234
1861,1907-11-01,5.207000000000001
1862,1907-12-01,2.9560000000000004
1863,1908-01-01,2.3040000000000003
1864,1908-02-01,2.769
1865,1908-03-01,4.136
1866,1908-04-01,7.831999999999999
1867,1908-05-01,11.140999999999998
1868,1908-06-01,13.293
1869,1908-07-01,14.197
1870,1908-08-01,13.376
1871,1908-09-01,11.977
1872,1908-10-01,8.865
1873,1908-11-01,5.272
1874,1908-12-01,3.071
1875,1909-01-01,1.395
1876,1909-02-01,2.7060000000000004
1877,1909-03-01,4.589
1878,1909-04-01,7.534
1879,1909-05-01,10.611
1880,1909-06-01,12.962
1881,1909-07-01,14.06
1882,1909-08-01,13.752
1883,1909-09-01,11.879
1884,1909-10-01,9.192
1885,1909-11-01,6.236000000000001
1886,1909-12-01,3.2230000000000003
1887,1910-01-01,2.333
1888,1910-02-01,2.779
1889,1910-03-01,4.606
1890,1910-04-01,8.104999999999999
1891,1910-05-01,11.005
1892,1910-06-01,13.151
1893,1910-07-01,14.279000000000002
1894,1910-08-01,13.677
1895,1910-09-01,11.733
1896,1910-10-01,9.006
1897,1910-11-01,5.318
1898,1910-12-01,2.684
1899,1911-01-01,1.66
1900,1911-02-01,2.4530000000000003
1901,1911-03-01,4.347
1902,1911-04-01,7.989999999999998
1903,1911-05-01,10.829
1904,1911-06-01,13.009
1905,1911-07-01,14.082
1906,1911-08-01,13.499
1907,1911-09-01,11.638
1908,1911-10-01,9.263
1909,1911-11-01,5.964
1910,1911-12-01,3.39
1911,1912-01-01,2.402
1912,1912-02-01,3.354
1913,1912-03-01,4.356
1914,1912-04-01,8.229
1915,1912-05-01,11.254
1916,1912-06-01,13.435
1917,1912-07-01,13.723
1918,1912-08-01,13.053
1919,1912-09-01,11.222
1920,1912-10-01,8.366999999999999
1921,1912-11-01,5.521
1922,1912-12-01,3.069
1923,1913-01-01,2.083
1924,1913-02-01,2.376
1925,1913-03-01,4.517
1926,1913-04-01,8.023
1927,1913-05-01,10.745
1928,1913-06-01,13.005
1929,1913-07-01,14.137
1930,1913-08-01,13.724
1931,1913-09-01,11.759
1932,1913-10-01,9.077
1933,1913-11-01,6.024
1934,1913-12-01,4.103
1935,1914-01-01,3.3760000000000003
1936,1914-02-01,3.2
1937,1914-03-01,4.942
1938,1914-04-01,8.097999999999999
1939,1914-05-01,11.284999999999998
1940,1914-06-01,13.496
1941,1914-07-01,14.298
1942,1914-08-01,13.73
1943,1914-09-01,11.915
1944,1914-10-01,9.387
1945,1914-11-01,5.759
1946,1914-12-01,3.6
1947,1915-01-01,2.299
1948,1915-02-01,3.265
1949,1915-03-01,5.143
1950,1915-04-01,8.705
1951,1915-05-01,11.493
1952,1915-06-01,13.3
1953,1915-07-01,14.443
1954,1915-08-01,13.77
1955,1915-09-01,11.867
1956,1915-10-01,8.984
1957,1915-11-01,6.216
1958,1915-12-01,3.633
1959,1916-01-01,2.616
1960,1916-02-01,2.957
1961,1916-03-01,4.846
1962,1916-04-01,8.046999999999999
1963,1916-05-01,10.972
1964,1916-06-01,12.942
1965,1916-07-01,14.052
1966,1916-08-01,13.58
1967,1916-09-01,11.726
1968,1916-10-01,9.053
1969,1916-11-01,5.596
1970,1916-12-01,2.316
1971,1917-01-01,2.133
1972,1917-02-01,2.36
1973,1917-03-01,4.488
1974,1917-04-01,7.854999999999999
1975,1917-05-01,10.443
1976,1917-06-01,12.915
1977,1917-07-01,14.259
1978,1917-08-01,13.470999999999998
1979,1917-09-01,11.745
1980,1917-10-01,8.544
1981,1917-11-01,5.82
1982,1917-12-01,2.247
1983,1918-01-01,1.934
1984,1918-02-01,2.455
1985,1918-03-01,4.811
1986,1918-04-01,7.643999999999999
1987,1918-05-01,10.54
1988,1918-06-01,12.908
1989,1918-07-01,14.002
1990,1918-08-01,13.431
1991,1918-09-01,11.880999999999998
1992,1918-10-01,9.433
1993,1918-11-01,5.683
1994,1918-12-01,2.8480000000000003
1995,1919-01-01,2.184
1996,1919-02-01,2.852
1997,1919-03-01,4.743
1998,1919-04-01,8.487
1999,1919-05-01,10.969
2000,1919-06-01,13.228
2001,1919-07-01,14.274
2002,1919-08-01,13.786
2003,1919-09-01,11.989999999999998
2004,1919-10-01,9.361
2005,1919-11-01,5.489
2006,1919-12-01,3.224
2007,1920-01-01,2.841
2008,1920-02-01,2.755
2009,1920-03-01,5.227
2010,1920-04-01,8.293
2011,1920-05-01,11.130999999999998
2012,1920-06-01,13.105
2013,1920-07-01,14.245
2014,1920-08-01,13.698
2015,1920-09-01,11.794
2016,1920-10-01,9.021
2017,1920-11-01,5.566
2018,1920-12-01,2.629
2019,1921-01-01,2.98
2020,1921-02-01,3.125
2021,1921-03-01,5.081
2022,1921-04-01,8.324
2023,1921-05-01,11.245
2024,1921-06-01,13.44
2025,1921-07-01,14.436
2026,1921-08-01,13.561
2027,1921-09-01,11.869000000000002
2028,1921-10-01,9.264
2029,1921-11-01,5.864
2030,1921-12-01,3.663
2031,1922-01-01,2.15
2032,1922-02-01,2.376
2033,1922-03-01,5.156000000000001
2034,1922-04-01,8.379999999999999
2035,1922-05-01,11.097
2036,1922-06-01,13.331
2037,1922-07-01,14.278
2038,1922-08-01,13.584
2039,1922-09-01,11.775
2040,1922-10-01,9.056
2041,1922-11-01,6.046
2042,1922-12-01,3.667
2043,1923-01-01,2.487
2044,1923-02-01,2.563
2045,1923-03-01,4.8660000000000005
2046,1923-04-01,7.749
2047,1923-05-01,10.848999999999998
2048,1923-06-01,13.296
2049,1923-07-01,13.984000000000002
2050,1923-08-01,13.611
2051,1923-09-01,11.883
2052,1923-10-01,9.52
2053,1923-11-01,6.377999999999999
2054,1923-12-01,3.88
2055,1924-01-01,2.339
2056,1924-02-01,2.888
2057,1924-03-01,5.352
2058,1924-04-01,7.97
2059,1924-05-01,11.188
2060,1924-06-01,13.342
2061,1924-07-01,14.304
2062,1924-08-01,13.654000000000002
2063,1924-09-01,11.957
2064,1924-10-01,9.203
2065,1924-11-01,6.4
2066,1924-12-01,3.485
2067,1925-01-01,2.268
2068,1925-02-01,2.701
2069,1925-03-01,5.126
2070,1925-04-01,8.442
2071,1925-05-01,11.039
2072,1925-06-01,13.089
2073,1925-07-01,14.066
2074,1925-08-01,13.769
2075,1925-09-01,11.979
2076,1925-10-01,9.196
2077,1925-11-01,6.34
2078,1925-12-01,4.398
2079,1926-01-01,3.4530000000000003
2080,1926-02-01,3.717
2081,1926-03-01,5.831
2082,1926-04-01,8.193
2083,1926-05-01,10.931
2084,1926-06-01,13.285
2085,1926-07-01,14.168
2086,1926-08-01,13.877
2087,1926-09-01,12.075
2088,1926-10-01,9.55
2089,1926-11-01,6.3
2090,1926-12-01,3.366
2091,1927-01-01,2.372
2092,1927-02-01,3.039
2093,1927-03-01,4.668
2094,1927-04-01,8.035
2095,1927-05-01,11.104
2096,1927-06-01,13.271999999999998
2097,1927-07-01,14.323
2098,1927-08-01,13.698
2099,1927-09-01,12.254
2100,1927-10-01,9.887
2101,1927-11-01,6.346
2102,1927-12-01,3.267
2103,1928-01-01,3.0460000000000003
2104,1928-02-01,3.333
2105,1928-03-01,4.959
2106,1928-04-01,8.244
2107,1928-05-01,11.169
2108,1928-06-01,13.113
2109,1928-07-01,14.31
2110,1928-08-01,13.687
2111,1928-09-01,12.03
2112,1928-10-01,9.486
2113,1928-11-01,6.336
2114,1928-12-01,3.873
2115,1929-01-01,2.0540000000000003
2116,1929-02-01,2.172
2117,1929-03-01,5.099
2118,1929-04-01,8.094
2119,1929-05-01,10.915
2120,1929-06-01,12.928
2121,1929-07-01,13.957
2122,1929-08-01,13.68
2123,1929-09-01,11.807
2124,1929-10-01,9.46
2125,1929-11-01,6.172000000000001
2126,1929-12-01,2.571
2127,1930-01-01,2.401
2128,1930-02-01,3.152
2129,1930-03-01,5.483
2130,1930-04-01,8.181999999999999
2131,1930-05-01,11.105
2132,1930-06-01,13.347
2133,1930-07-01,14.465
2134,1930-08-01,13.928
2135,1930-09-01,11.874
2136,1930-10-01,9.261
2137,1930-11-01,6.574
2138,1930-12-01,3.831
2139,1931-01-01,2.761
2140,1931-02-01,2.708
2141,1931-03-01,5.22
2142,1931-04-01,8.163
2143,1931-05-01,11.02
2144,1931-06-01,13.573
2145,1931-07-01,14.576
2146,1931-08-01,14.12
2147,1931-09-01,12.283
2148,1931-10-01,9.937
2149,1931-11-01,6.242999999999999
2150,1931-12-01,4.027
2151,1932-01-01,3.604
2152,1932-02-01,2.989
2153,1932-03-01,4.94
2154,1932-04-01,8.769
2155,1932-05-01,11.239
2156,1932-06-01,13.383
2157,1932-07-01,14.372
2158,1932-08-01,13.74
2159,1932-09-01,12.31
2160,1932-10-01,9.682
2161,1932-11-01,5.908
2162,1932-12-01,3.527
2163,1933-01-01,2.169
2164,1933-02-01,2.657
2165,1933-03-01,4.869
2166,1933-04-01,8.125
2167,1933-05-01,11.047
2168,1933-06-01,13.11
2169,1933-07-01,14.236
2170,1933-08-01,13.76
2171,1933-09-01,11.854
2172,1933-10-01,9.238
2173,1933-11-01,5.89
2174,1933-12-01,3.104
2175,1934-01-01,2.476
2176,1934-02-01,3.699
2177,1934-03-01,4.8180000000000005
2178,1934-04-01,8.016
2179,1934-05-01,11.478
2180,1934-06-01,13.402
2181,1934-07-01,14.343
2182,1934-08-01,13.778
2183,1934-09-01,11.727
2184,1934-10-01,9.421
2185,1934-11-01,6.397
2186,1934-12-01,3.985
2187,1935-01-01,2.1750000000000003
2188,1935-02-01,4.125
2189,1935-03-01,5.399
2190,1935-04-01,7.770999999999999
2191,1935-05-01,10.906
2192,1935-06-01,13.326
2193,1935-07-01,14.331
2194,1935-08-01,13.775
2195,1935-09-01,11.999
2196,1935-10-01,9.516
2197,1935-11-01,5.443
2198,1935-12-01,3.423
2199,1936-01-01,2.249
2200,1936-02-01,2.506
2201,1936-03-01,5.031000000000001
2202,1936-04-01,8.126999999999999
2203,1936-05-01,11.251
2204,1936-06-01,13.363
2205,1936-07-01,14.629
2206,1936-08-01,13.86
2207,1936-09-01,12.021
2208,1936-10-01,9.457
2209,1936-11-01,6.2330000000000005
2210,1936-12-01,3.921
2211,1937-01-01,2.4530000000000003
2212,1937-02-01,3.553
2213,1937-03-01,4.851
2214,1937-04-01,8.139999999999999
2215,1937-05-01,11.422
2216,1937-06-01,13.603
2217,1937-07-01,14.375
2218,1937-08-01,14.007
2219,1937-09-01,12.412999999999998
2220,1937-10-01,9.729
2221,1937-11-01,6.356
2222,1937-12-01,3.478
2223,1938-01-01,2.91
2224,1938-02-01,3.417
2225,1938-03-01,5.651
2226,1938-04-01,8.913
2227,1938-05-01,11.456
2228,1938-06-01,13.321
2229,1938-07-01,14.482
2230,1938-08-01,13.963
2231,1938-09-01,12.427
2232,1938-10-01,9.784
2233,1938-11-01,6.53
2234,1938-12-01,3.51
2235,1939-01-01,2.932
2236,1939-02-01,3.232
2237,1939-03-01,4.926
2238,1939-04-01,8.328
2239,1939-05-01,11.524
2240,1939-06-01,13.531
2241,1939-07-01,14.395
2242,1939-08-01,13.932
2243,1939-09-01,11.957999999999998
2244,1939-10-01,9.218
2245,1939-11-01,6.189
2246,1939-12-01,4.959
2247,1940-01-01,2.335
2248,1940-02-01,3.423
2249,1940-03-01,5.424
2250,1940-04-01,8.756
2251,1940-05-01,11.338
2252,1940-06-01,13.583
2253,1940-07-01,14.571
2254,1940-08-01,13.811
2255,1940-09-01,12.268
2256,1940-10-01,9.457
2257,1940-11-01,6.0760000000000005
2258,1940-12-01,4.134
2259,1941-01-01,2.7350000000000003
2260,1941-02-01,3.67
2261,1941-03-01,5.212999999999999
2262,1941-04-01,8.575
2263,1941-05-01,11.493
2264,1941-06-01,13.63
2265,1941-07-01,14.694
2266,1941-08-01,14.028
2267,1941-09-01,11.816
2268,1941-10-01,9.71
2269,1941-11-01,5.952999999999999
2270,1941-12-01,3.707
2271,1942-01-01,3.103
2272,1942-02-01,2.857
2273,1942-03-01,5.308
2274,1942-04-01,8.415999999999999
2275,1942-05-01,11.338
2276,1942-06-01,13.578
2277,1942-07-01,14.242
2278,1942-08-01,13.786
2279,1942-09-01,12.146
2280,1942-10-01,9.627
2281,1942-11-01,6.3950000000000005
2282,1942-12-01,3.945
2283,1943-01-01,2.396
2284,1943-02-01,3.513
2285,1943-03-01,5.138
2286,1943-04-01,8.638
2287,1943-05-01,11.485
2288,1943-06-01,13.161
2289,1943-07-01,14.46
2290,1943-08-01,13.774
2291,1943-09-01,12.095999999999998
2292,1943-10-01,9.907
2293,1943-11-01,6.26
2294,1943-12-01,4.2330000000000005
2295,1944-01-01,3.504
2296,1944-02-01,3.591
2297,1944-03-01,5.531000000000001
2298,1944-04-01,8.434
2299,1944-05-01,11.334
2300,1944-06-01,13.478
2301,1944-07-01,14.468
2302,1944-08-01,14.017
2303,1944-09-01,12.45
2304,1944-10-01,9.808
2305,1944-11-01,6.091
2306,1944-12-01,3.434
2307,1945-01-01,2.525
2308,1945-02-01,2.6460000000000004
2309,1945-03-01,5.184
2310,1945-04-01,8.681000000000001
2311,1945-05-01,11.097
2312,1945-06-01,13.328
2313,1945-07-01,14.213
2314,1945-08-01,14.313
2315,1945-09-01,12.225
2316,1945-10-01,9.575
2317,1945-11-01,6.073
2318,1945-12-01,3.158
2319,1946-01-01,2.979
2320,1946-02-01,3.4610000000000003
2321,1946-03-01,5.236000000000001
2322,1946-04-01,8.837
2323,1946-05-01,11.355
2324,1946-06-01,13.298
2325,1946-07-01,14.409
2326,1946-08-01,13.834
2327,1946-09-01,12.064
2328,1946-10-01,9.281
2329,1946-11-01,6.235
2330,1946-12-01,3.134
2331,1947-01-01,2.597
2332,1947-02-01,3.277
2333,1947-03-01,5.801
2334,1947-04-01,8.686
2335,1947-05-01,11.329
2336,1947-06-01,13.459
2337,1947-07-01,14.349
2338,1947-08-01,13.827
2339,1947-09-01,12.166
2340,1947-10-01,10.011
2341,1947-11-01,6.407
2342,1947-12-01,3.656
2343,1948-01-01,3.366
2344,1948-02-01,3.22
2345,1948-03-01,4.9190000000000005
2346,1948-04-01,8.498999999999999
2347,1948-05-01,11.537
2348,1948-06-01,13.664
2349,1948-07-01,14.445
2350,1948-08-01,13.896
2351,1948-09-01,12.155
2352,1948-10-01,9.584
2353,1948-11-01,6.1850000000000005
2354,1948-12-01,3.491
2355,1949-01-01,3.2190000000000003
2356,1949-02-01,2.759
2357,1949-03-01,5.077
2358,1949-04-01,8.344
2359,1949-05-01,11.309
2360,1949-06-01,13.223
2361,1949-07-01,14.199000000000002
2362,1949-08-01,13.826
2363,1949-09-01,11.957
2364,1949-10-01,9.531
2365,1949-11-01,6.148
2366,1949-12-01,3.449
2367,1950-01-01,2.008
2368,1950-02-01,2.721
2369,1950-03-01,5.247000000000001
2370,1950-04-01,8.123
2371,1950-05-01,11.297
2372,1950-06-01,13.382
2373,1950-07-01,14.14
2374,1950-08-01,13.46
2375,1950-09-01,11.952
2376,1950-10-01,9.153
2377,1950-11-01,5.372000000000001
2378,1950-12-01,3.528
2379,1951-01-01,2.138
2380,1951-02-01,2.332
2381,1951-03-01,5.091
2382,1951-04-01,8.366999999999999
2383,1951-05-01,11.438
2384,1951-06-01,13.25
2385,1951-07-01,14.324000000000002
2386,1951-08-01,14.021
2387,1951-09-01,12.324000000000002
2388,1951-10-01,9.67
2389,1951-11-01,6.2250000000000005
2390,1951-12-01,4.327999999999999
2391,1952-01-01,3.049
2392,1952-02-01,3.3960000000000004
2393,1952-03-01,4.9670000000000005
2394,1952-04-01,8.461
2395,1952-05-01,11.352
2396,1952-06-01,13.442
2397,1952-07-01,14.549
2398,1952-08-01,13.964
2399,1952-09-01,12.238
2400,1952-10-01,9.157
2401,1952-11-01,5.425
2402,1952-12-01,3.659
2403,1953-01-01,2.964
2404,1953-02-01,3.629
2405,1953-03-01,5.712000000000001
2406,1953-04-01,8.892000000000001
2407,1953-05-01,11.514
2408,1953-06-01,13.612
2409,1953-07-01,14.392
2410,1953-08-01,14.059
2411,1953-09-01,12.199000000000002
2412,1953-10-01,9.59
2413,1953-11-01,5.924
2414,1953-12-01,3.998
2415,1954-01-01,2.059
2416,1954-02-01,3.084
2417,1954-03-01,5.148
2418,1954-04-01,8.158
2419,1954-05-01,10.988
2420,1954-06-01,13.4
2421,1954-07-01,14.241
2422,1954-08-01,13.868
2423,1954-09-01,12.098
2424,1954-10-01,9.546
2425,1954-11-01,6.579
2426,1954-12-01,3.559
2427,1955-01-01,3.412
2428,1955-02-01,3.137
2429,1955-03-01,4.585
2430,1955-04-01,8.136000000000001
2431,1955-05-01,11.191999999999998
2432,1955-06-01,13.56
2433,1955-07-01,14.242
2434,1955-08-01,14.283
2435,1955-09-01,11.954
2436,1955-10-01,9.735
2437,1955-11-01,5.973
2438,1955-12-01,3.306
2439,1956-01-01,2.466
2440,1956-02-01,2.781
2441,1956-03-01,4.888999999999999
2442,1956-04-01,7.922000000000001
2443,1956-05-01,10.720999999999998
2444,1956-06-01,13.16
2445,1956-07-01,14.18
2446,1956-08-01,13.189
2447,1956-09-01,11.783
2448,1956-10-01,8.927999999999997
2449,1956-11-01,5.738
2450,1956-12-01,3.5980000000000003
2451,1957-01-01,2.488
2452,1957-02-01,3.12
2453,1957-03-01,5.0360000000000005
2454,1957-04-01,8.366
2455,1957-05-01,11.259
2456,1957-06-01,13.783
2457,1957-07-01,14.129
2458,1957-08-01,14.082
2459,1957-09-01,12.312
2460,1957-10-01,9.496
2461,1957-11-01,6.391
2462,1957-12-01,4.327999999999999
2463,1958-01-01,3.5740000000000003
2464,1958-02-01,3.695
2465,1958-03-01,5.452999999999999
2466,1958-04-01,8.52
2467,1958-05-01,11.518999999999998
2468,1958-06-01,13.187
2469,1958-07-01,14.438
2470,1958-08-01,13.597
2471,1958-09-01,11.845
2472,1958-10-01,9.375
2473,1958-11-01,6.26
2474,1958-12-01,3.822
2475,1959-01-01,2.959
2476,1959-02-01,3.33
2477,1959-03-01,5.854
2478,1959-04-01,8.818999999999997
2479,1959-05-01,11.323
2480,1959-06-01,13.577
2481,1959-07-01,14.449000000000002
2482,1959-08-01,13.853
2483,1959-09-01,11.946
2484,1959-10-01,9.16
2485,1959-11-01,5.752000000000001
2486,1959-12-01,3.77
2487,1960-01-01,2.713
2488,1960-02-01,3.798
2489,1960-03-01,4.303
2490,1960-04-01,8.133
2491,1960-05-01,10.872
2492,1960-06-01,13.484000000000002
2493,1960-07-01,14.198
2494,1960-08-01,13.825
2495,1960-09-01,12.095
2496,1960-10-01,9.497
2497,1960-11-01,5.827999999999999
2498,1960-12-01,4.259
2499,1961-01-01,2.926
2500,1961-02-01,3.683
2501,1961-03-01,5.589
2502,1961-04-01,8.631
2503,1961-05-01,11.624
2504,1961-06-01,13.702
2505,1961-07-01,14.288
2506,1961-08-01,13.849
2507,1961-09-01,12.247
2508,1961-10-01,9.328
2509,1961-11-01,6.205
2510,1961-12-01,3.5
2511,1962-01-01,3.003
2512,1962-02-01,3.696
2513,1962-03-01,5.53
2514,1962-04-01,8.54
2515,1962-05-01,11.128
2516,1962-06-01,13.427
2517,1962-07-01,14.205
2518,1962-08-01,13.713
2519,1962-09-01,12.018
2520,1962-10-01,9.468
2521,1962-11-01,6.283
2522,1962-12-01,3.94
2523,1963-01-01,2.901
2524,1963-02-01,4.02
2525,1963-03-01,5.097
2526,1963-04-01,8.173
2527,1963-05-01,11.045
2528,1963-06-01,13.412
2529,1963-07-01,14.505999999999998
2530,1963-08-01,14.309
2531,1963-09-01,12.555
2532,1963-10-01,9.943
2533,1963-11-01,6.561
2534,1963-12-01,3.75
2535,1964-01-01,2.881
2536,1964-02-01,3.028
2537,1964-03-01,4.865
2538,1964-04-01,7.922000000000001
2539,1964-05-01,10.905
2540,1964-06-01,13.459
2541,1964-07-01,14.300999999999998
2542,1964-08-01,13.678
2543,1964-09-01,11.604
2544,1964-10-01,8.831999999999997
2545,1964-11-01,5.9830000000000005
2546,1964-12-01,3.458
2547,1965-01-01,2.862
2548,1965-02-01,3.036
2549,1965-03-01,5.182
2550,1965-04-01,7.989999999999998
2551,1965-05-01,11.222
2552,1965-06-01,13.308
2553,1965-07-01,14.078
2554,1965-08-01,13.807
2555,1965-09-01,11.73
2556,1965-10-01,9.488
2557,1965-11-01,5.86
2558,1965-12-01,3.766
2559,1966-01-01,2.49
2560,1966-02-01,3.29
2561,1966-03-01,5.527
2562,1966-04-01,8.161
2563,1966-05-01,11.2
2564,1966-06-01,13.587
2565,1966-07-01,14.569
2566,1966-08-01,13.731
2567,1966-09-01,12.133
2568,1966-10-01,9.153
2569,1966-11-01,5.968999999999999
2570,1966-12-01,3.382
2571,1967-01-01,2.71
2572,1967-02-01,2.905
2573,1967-03-01,5.396
2574,1967-04-01,8.458
2575,1967-05-01,11.632
2576,1967-06-01,13.194
2577,1967-07-01,14.331
2578,1967-08-01,13.821
2579,1967-09-01,12.053999999999998
2580,1967-10-01,9.809
2581,1967-11-01,6.176
2582,1967-12-01,3.915
2583,1968-01-01,2.353
2584,1968-02-01,3.245
2585,1968-03-01,6.117000000000001
2586,1968-04-01,8.455
2587,1968-05-01,11.068
2588,1968-06-01,13.204
2589,1968-07-01,14.026
2590,1968-08-01,13.524
2591,1968-09-01,11.62
2592,1968-10-01,9.453
2593,1968-11-01,5.891
2594,1968-12-01,3.24
2595,1969-01-01,1.966
2596,1969-02-01,2.45
2597,1969-03-01,5.131
2598,1969-04-01,8.575999999999999
2599,1969-05-01,11.354
2600,1969-06-01,13.475
2601,1969-07-01,14.218
2602,1969-08-01,13.804
2603,1969-09-01,12.048
2604,1969-10-01,9.489
2605,1969-11-01,6.42
2606,1969-12-01,4.21
2607,1970-01-01,2.8360000000000003
2608,1970-02-01,3.735
2609,1970-03-01,5.272
2610,1970-04-01,8.603
2611,1970-05-01,11.206
2612,1970-06-01,13.513
2613,1970-07-01,14.395
2614,1970-08-01,13.658
2615,1970-09-01,12.277
2616,1970-10-01,9.348
2617,1970-11-01,6.047000000000001
2618,1970-12-01,3.5210000000000004
2619,1971-01-01,2.967
2620,1971-02-01,2.867
2621,1971-03-01,5.001
2622,1971-04-01,8.338999999999999
2623,1971-05-01,11.211
2624,1971-06-01,13.099
2625,1971-07-01,14.139
2626,1971-08-01,13.879
2627,1971-09-01,12.139
2628,1971-10-01,9.388
2629,1971-11-01,6.295
2630,1971-12-01,3.867
2631,1972-01-01,1.882
2632,1972-02-01,2.609
2633,1972-03-01,5.287000000000001
2634,1972-04-01,8.337
2635,1972-05-01,11.155
2636,1972-06-01,13.501
2637,1972-07-01,14.231
2638,1972-08-01,14.171
2639,1972-09-01,11.901
2640,1972-10-01,9.346
2641,1972-11-01,5.7970000000000015
2642,1972-12-01,3.778
2643,1973-01-01,3.0380000000000003
2644,1973-02-01,3.898
2645,1973-03-01,5.82
2646,1973-04-01,8.937999999999997
2647,1973-05-01,11.768999999999998
2648,1973-06-01,13.824000000000002
2649,1973-07-01,14.435
2650,1973-08-01,13.869000000000002
2651,1973-09-01,12.125
2652,1973-10-01,9.609
2653,1973-11-01,6.222
2654,1973-12-01,3.832
2655,1974-01-01,2.261
2656,1974-02-01,2.582
2657,1974-03-01,5.19
2658,1974-04-01,8.386000000000001
2659,1974-05-01,11.198
2660,1974-06-01,13.382
2661,1974-07-01,14.288
2662,1974-08-01,14.015999999999998
2663,1974-09-01,11.744000000000002
2664,1974-10-01,9.098
2665,1974-11-01,5.915
2666,1974-12-01,3.55
2667,1975-01-01,3.059
2668,1975-02-01,3.395
2669,1975-03-01,5.706
2670,1975-04-01,8.584
2671,1975-05-01,11.742
2672,1975-06-01,13.557
2673,1975-07-01,14.351
2674,1975-08-01,13.514
2675,1975-09-01,12.152
2676,1975-10-01,9.318
2677,1975-11-01,5.893
2678,1975-12-01,3.667
2679,1976-01-01,2.884
2680,1976-02-01,3.031
2681,1976-03-01,4.517
2682,1976-04-01,8.293999999999999
2683,1976-05-01,10.941999999999998
2684,1976-06-01,13.086
2685,1976-07-01,14.155
2686,1976-08-01,13.511
2687,1976-09-01,11.895
2688,1976-10-01,8.511000000000001
2689,1976-11-01,5.66
2690,1976-12-01,3.681
2691,1977-01-01,2.492
2692,1977-02-01,3.471
2693,1977-03-01,5.702000000000001
2694,1977-04-01,8.85
2695,1977-05-01,11.78
2696,1977-06-01,13.876
2697,1977-07-01,14.630999999999998
2698,1977-08-01,14.09
2699,1977-09-01,11.861999999999998
2700,1977-10-01,9.156
2701,1977-11-01,6.5440000000000005
2702,1977-12-01,3.749
2703,1978-01-01,2.705
2704,1978-02-01,3.4560000000000004
2705,1978-03-01,5.607
2706,1978-04-01,8.790999999999999
2707,1978-05-01,11.414
2708,1978-06-01,13.22
2709,1978-07-01,14.364
2710,1978-08-01,13.297
2711,1978-09-01,12.03
2712,1978-10-01,9.339
2713,1978-11-01,6.3500000000000005
2714,1978-12-01,3.74
2715,1979-01-01,2.6790000000000003
2716,1979-02-01,2.841
2717,1979-03-01,5.474
2718,1979-04-01,8.455
2719,1979-05-01,11.199000000000002
2720,1979-06-01,13.487
2721,1979-07-01,14.114
2722,1979-08-01,13.833
2723,1979-09-01,12.247
2724,1979-10-01,9.586
2725,1979-11-01,6.2860000000000005
2726,1979-12-01,4.6
2727,1980-01-01,2.9560000000000004
2728,1980-02-01,3.652
2729,1980-03-01,5.367000000000001
2730,1980-04-01,8.934999999999997
2731,1980-05-01,11.77
2732,1980-06-01,13.582
2733,1980-07-01,14.742
2734,1980-08-01,14.189
2735,1980-09-01,12.321
2736,1980-10-01,9.55
2737,1980-11-01,6.684
2738,1980-12-01,4.016
2739,1981-01-01,3.785
2740,1981-02-01,4.021
2741,1981-03-01,6.239
2742,1981-04-01,8.953
2743,1981-05-01,11.565
2744,1981-06-01,13.765
2745,1981-07-01,14.738
2746,1981-08-01,14.502
2747,1981-09-01,12.236
2748,1981-10-01,9.394
2749,1981-11-01,6.273
2750,1981-12-01,4.519
2751,1982-01-01,2.5580000000000003
2752,1982-02-01,3.281
2753,1982-03-01,4.873
2754,1982-04-01,8.465
2755,1982-05-01,11.348
2756,1982-06-01,13.245
2757,1982-07-01,14.545
2758,1982-08-01,13.796
2759,1982-09-01,12.039
2760,1982-10-01,9.232
2761,1982-11-01,5.961
2762,1982-12-01,4.327
2763,1983-01-01,3.4450000000000003
2764,1983-02-01,3.814
2765,1983-03-01,5.699
2766,1983-04-01,8.693
2767,1983-05-01,11.729
2768,1983-06-01,13.478
2769,1983-07-01,14.408
2770,1983-08-01,14.302
2771,1983-09-01,12.698
2772,1983-10-01,9.478
2773,1983-11-01,6.7650000000000015
2774,1983-12-01,3.829
2775,1984-01-01,2.9410000000000003
2776,1984-02-01,3.093
2777,1984-03-01,5.671
2778,1984-04-01,8.431999999999999
2779,1984-05-01,11.976
2780,1984-06-01,13.387
2781,1984-07-01,14.429
2782,1984-08-01,13.984000000000002
2783,1984-09-01,12.015
2784,1984-10-01,9.378
2785,1984-11-01,5.811
2786,1984-12-01,3.185
2787,1985-01-01,3.01
2788,1985-02-01,2.704
2789,1985-03-01,5.4510000000000005
2790,1985-04-01,8.633
2791,1985-05-01,11.425999999999998
2792,1985-06-01,13.569
2793,1985-07-01,13.973
2794,1985-08-01,14.059
2795,1985-09-01,11.98
2796,1985-10-01,9.338
2797,1985-11-01,5.968
2798,1985-12-01,3.785
2799,1986-01-01,3.315
2800,1986-02-01,3.991
2801,1986-03-01,5.755
2802,1986-04-01,8.870999999999997
2803,1986-05-01,11.581
2804,1986-06-01,13.439
2805,1986-07-01,14.293
2806,1986-08-01,13.972
2807,1986-09-01,11.816999999999998
2808,1986-10-01,9.299
2809,1986-11-01,5.9190000000000005
2810,1986-12-01,3.751
2811,1987-01-01,3.139
2812,1987-02-01,4.134
2813,1987-03-01,5.245
2814,1987-04-01,8.594999999999999
2815,1987-05-01,11.525
2816,1987-06-01,13.927
2817,1987-07-01,14.89
2818,1987-08-01,13.896
2819,1987-09-01,12.447
2820,1987-10-01,9.59
2821,1987-11-01,6.056
2822,1987-12-01,4.489
2823,1988-01-01,3.454
2824,1988-02-01,3.422
2825,1988-03-01,5.931
2826,1988-04-01,8.991999999999997
2827,1988-05-01,11.852
2828,1988-06-01,14.099
2829,1988-07-01,14.798
2830,1988-08-01,14.553
2831,1988-09-01,12.681
2832,1988-10-01,9.979
2833,1988-11-01,6.295
2834,1988-12-01,4.363
2835,1989-01-01,2.71
2836,1989-02-01,3.627
2837,1989-03-01,5.792000000000001
2838,1989-04-01,8.689
2839,1989-05-01,11.28
2840,1989-06-01,13.447
2841,1989-07-01,14.612
2842,1989-08-01,14.135
2843,1989-09-01,12.403
2844,1989-10-01,9.76
2845,1989-11-01,6.178999999999999
2846,1989-12-01,4.43
2847,1990-01-01,3.2430000000000003
2848,1990-02-01,3.643
2849,1990-03-01,6.73
2850,1990-04-01,9.169
2851,1990-05-01,11.831
2852,1990-06-01,13.893
2853,1990-07-01,14.784
2854,1990-08-01,14.095
2855,1990-09-01,12.195
2856,1990-10-01,9.882
2857,1990-11-01,6.92
2858,1990-12-01,4.425
2859,1991-01-01,3.1950000000000003
2860,1991-02-01,4.0440000000000005
2861,1991-03-01,5.574
2862,1991-04-01,9.226
2863,1991-05-01,11.616
2864,1991-06-01,14.263
2865,1991-07-01,14.987
2866,1991-08-01,14.319
2867,1991-09-01,12.677
2868,1991-10-01,9.753
2869,1991-11-01,6.44
2870,1991-12-01,4.059
2871,1992-01-01,3.579
2872,1992-02-01,3.931
2873,1992-03-01,5.952000000000001
2874,1992-04-01,8.572000000000001
2875,1992-05-01,11.534999999999998
2876,1992-06-01,13.576
2877,1992-07-01,14.139
2878,1992-08-01,13.765999999999998
2879,1992-09-01,11.672
2880,1992-10-01,9.353
2881,1992-11-01,5.888999999999999
2882,1992-12-01,4.075
2883,1993-01-01,3.301
2884,1993-02-01,3.745
2885,1993-03-01,5.922999999999999
2886,1993-04-01,8.69
2887,1993-05-01,11.475
2888,1993-06-01,13.518
2889,1993-07-01,14.595
2890,1993-08-01,13.835
2891,1993-09-01,11.93
2892,1993-10-01,9.614
2893,1993-11-01,5.738
2894,1993-12-01,4.035
2895,1994-01-01,3.024
2896,1994-02-01,2.81
2897,1994-03-01,5.731
2898,1994-04-01,9.018
2899,1994-05-01,11.684
2900,1994-06-01,14.144
2901,1994-07-01,14.658
2902,1994-08-01,13.977
2903,1994-09-01,12.515999999999998
2904,1994-10-01,10.002
2905,1994-11-01,6.787999999999999
2906,1994-12-01,4.113
2907,1995-01-01,3.54
2908,1995-02-01,4.656000000000001
2909,1995-03-01,5.956
2910,1995-04-01,8.972000000000001
2911,1995-05-01,11.57
2912,1995-06-01,14.164
2913,1995-07-01,15.116
2914,1995-08-01,14.636
2915,1995-09-01,12.565
2916,1995-10-01,10.106
2917,1995-11-01,6.761
2918,1995-12-01,4.123
2919,1996-01-01,2.862
2920,1996-02-01,4.0120000000000005
2921,1996-03-01,5.524
2922,1996-04-01,8.679
2923,1996-05-01,11.588
2924,1996-06-01,13.681
2925,1996-07-01,14.827
2926,1996-08-01,14.603
2927,1996-09-01,12.294
2928,1996-10-01,9.525
2929,1996-11-01,6.5470000000000015
2930,1996-12-01,4.325
2931,1997-01-01,3.165
2932,1997-02-01,3.766
2933,1997-03-01,6.0120000000000005
2934,1997-04-01,8.891
2935,1997-05-01,11.593
2936,1997-06-01,14.130999999999998
2937,1997-07-01,14.565
2938,1997-08-01,14.255999999999998
2939,1997-09-01,12.685
2940,1997-10-01,10.109
2941,1997-11-01,6.841
2942,1997-12-01,4.417
2943,1998-01-01,3.3520000000000003
2944,1998-02-01,4.8260000000000005
2945,1998-03-01,6.023
2946,1998-04-01,9.358
2947,1998-05-01,12.291
2948,1998-06-01,14.521
2949,1998-07-01,15.34
2950,1998-08-01,14.874
2951,1998-09-01,12.672999999999998
2952,1998-10-01,9.941
2953,1998-11-01,6.404
2954,1998-12-01,4.6690000000000005
2955,1999-01-01,3.544
2956,1999-02-01,4.694
2957,1999-03-01,5.53
2958,1999-04-01,8.838
2959,1999-05-01,11.706
2960,1999-06-01,14.031
2961,1999-07-01,14.853
2962,1999-08-01,14.348
2963,1999-09-01,12.723
2964,1999-10-01,9.997
2965,1999-11-01,6.5920000000000005
2966,1999-12-01,4.565
2967,2000-01-01,2.95
2968,2000-02-01,4.184
2969,2000-03-01,6.218999999999999
2970,2000-04-01,9.552
2971,2000-05-01,11.874
2972,2000-06-01,14.06
2973,2000-07-01,14.848
2974,2000-08-01,14.519
2975,2000-09-01,12.547
2976,2000-10-01,9.486
2977,2000-11-01,6.312
2978,2000-12-01,3.863
2979,2001-01-01,3.3360000000000003
2980,2001-02-01,3.72
2981,2001-03-01,6.207999999999999
2982,2001-04-01,9.245
2983,2001-05-01,12.271
2984,2001-06-01,14.11
2985,2001-07-01,15.161
2986,2001-08-01,14.427
2987,2001-09-01,12.736
2988,2001-10-01,9.935
2989,2001-11-01,7.319
2990,2001-12-01,4.507
2991,2002-01-01,4.026
2992,2002-02-01,4.704
2993,2002-03-01,6.772
2994,2002-04-01,9.229
2995,2002-05-01,12.248
2996,2002-06-01,14.084
2997,2002-07-01,15.354
2998,2002-08-01,14.56
2999,2002-09-01,12.95
3000,2002-10-01,9.988
3001,2002-11-01,6.892
3002,2002-12-01,4.038
3003,2003-01-01,3.981
3004,2003-02-01,4.085
3005,2003-03-01,6.047999999999999
3006,2003-04-01,9.154
3007,2003-05-01,12.153
3008,2003-06-01,14.017
3009,2003-07-01,14.983
3010,2003-08-01,14.691
3011,2003-09-01,12.911
3012,2003-10-01,10.424
3013,2003-11-01,6.727
3014,2003-12-01,5.132999999999999
3015,2004-01-01,3.5250000000000004
3016,2004-02-01,4.4990000000000006
3017,2004-03-01,6.321000000000001
3018,2004-04-01,9.249
3019,2004-05-01,11.571
3020,2004-06-01,13.889
3021,2004-07-01,14.312
3022,2004-08-01,14.188
3023,2004-09-01,12.642
3024,2004-10-01,10.127
3025,2004-11-01,7.315
3026,2004-12-01,4.257
3027,2005-01-01,3.808
3028,2005-02-01,3.92
3029,2005-03-01,6.5440000000000005
3030,2005-04-01,9.618
3031,2005-05-01,12.226
3032,2005-06-01,14.476
3033,2005-07-01,15.19
3034,2005-08-01,14.51
3035,2005-09-01,13.217
3036,2005-10-01,10.601
3037,2005-11-01,7.422999999999999
3038,2005-12-01,4.878
3039,2006-01-01,3.286
3040,2006-02-01,4.43
3041,2006-03-01,6.3290000000000015
3042,2006-04-01,9.055
3043,2006-05-01,11.786
3044,2006-06-01,14.443
3045,2006-07-01,15.042
3046,2006-08-01,14.913
3047,2006-09-01,12.875
3048,2006-10-01,10.289
3049,2006-11-01,6.955
3050,2006-12-01,4.987
3051,2007-01-01,4.5790000000000015
3052,2007-02-01,4.221
3053,2007-03-01,6.485
3054,2007-04-01,9.823
3055,2007-05-01,12.518
3056,2007-06-01,14.309
3057,2007-07-01,15.23
3058,2007-08-01,14.752
3059,2007-09-01,12.93
3060,2007-10-01,10.332
3061,2007-11-01,7.0840000000000005
3062,2007-12-01,4.523
3063,2008-01-01,2.8440000000000003
3064,2008-02-01,3.576
3065,2008-03-01,6.906000000000001
3066,2008-04-01,9.295
3067,2008-05-01,12.053999999999998
3068,2008-06-01,14.145
3069,2008-07-01,15.174
3070,2008-08-01,14.377
3071,2008-09-01,12.802
3072,2008-10-01,10.399
3073,2008-11-01,7.224
3074,2008-12-01,4.385
3075,2009-01-01,3.687
3076,2009-02-01,4.093999999999999
3077,2009-03-01,6.086
3078,2009-04-01,9.367
3079,2009-05-01,12.111999999999998
3080,2009-06-01,14.201
3081,2009-07-01,15.231
3082,2009-08-01,14.655
3083,2009-09-01,13.153
3084,2009-10-01,10.136
3085,2009-11-01,7.031000000000001
3086,2009-12-01,4.31
3087,2010-01-01,3.737
3088,2010-02-01,4.399
3089,2010-03-01,6.738
3090,2010-04-01,9.671
3091,2010-05-01,12.406
3092,2010-06-01,14.421
3093,2010-07-01,15.213
3094,2010-08-01,14.768
3095,2010-09-01,12.863
3096,2010-10-01,10.442
3097,2010-11-01,7.487
3098,2010-12-01,4.292
3099,2011-01-01,3.282
3100,2011-02-01,3.743
3101,2011-03-01,6.101
3102,2011-04-01,9.483
3103,2011-05-01,11.986
3104,2011-06-01,14.37
3105,2011-07-01,15.482
3106,2011-08-01,15.012
3107,2011-09-01,12.912
3108,2011-10-01,10.352
3109,2011-11-01,6.814
3110,2011-12-01,4.654999999999999
3111,2012-01-01,3.157
3112,2012-02-01,3.628
3113,2012-03-01,6.023
3114,2012-04-01,9.675999999999998
3115,2012-05-01,12.59
3116,2012-06-01,14.492
3117,2012-07-01,15.076
3118,2012-08-01,14.72
3119,2012-09-01,13.04
3120,2012-10-01,10.428
3121,2012-11-01,7.1560000000000015
3122,2012-12-01,4.102
3123,2013-01-01,3.685
3124,2013-02-01,4.222
3125,2013-03-01,6.261
3126,2013-04-01,9.044
3127,2013-05-01,12.195
3128,2013-06-01,14.568
3129,2013-07-01,15.003
3130,2013-08-01,14.742
3131,2013-09-01,13.154000000000002
3132,2013-10-01,10.255999999999998
3133,2013-11-01,7.423999999999999
3134,2013-12-01,4.724
3135,2014-01-01,3.732
3136,2014-02-01,3.5
3137,2014-03-01,6.377999999999999
3138,2014-04-01,9.589
3139,2014-05-01,12.582
3140,2014-06-01,14.335
3141,2014-07-01,14.873
3142,2014-08-01,14.875
3143,2014-09-01,13.091
3144,2014-10-01,10.33
3145,2014-11-01,6.712999999999999
3146,2014-12-01,4.85
3147,2015-01-01,3.881
3148,2015-02-01,4.664
3149,2015-03-01,6.74
3150,2015-04-01,9.313
3151,2015-05-01,12.312
3152,2015-06-01,14.505
3153,2015-07-01,15.050999999999998
3154,2015-08-01,14.755
3155,2015-09-01,12.999
3156,2015-10-01,10.800999999999998
3157,2015-11-01,7.433
3158,2015-12-01,5.518
